neighborhood,ring,vertex,lat,lon
Dudley,0,0,-75.078510743491,39.9472550676365
Dudley,0,1,-75.0785357440365,39.9472520669129
Dudley,0,2,-75.0790507436255,39.9471890671541
Dudley,0,3,-75.080384744749,39.9470500669425
Dudley,0,4,-75.0805317435732,39.9470340666118
Dudley,0,5,-75.081469743947,39.9469370673602
Dudley,0,6,-75.0816647443546,39.9469160672791
Dudley,0,7,-75.0824747451616,39.9468320678804
Dudley,0,8,-75.0829927451759,39.9467760664879
Dudley,0,9,-75.0831597460273,39.9467570664582
Dudley,0,10,-75.0842217449011,39.9466350668575
Dudley,0,11,-75.0845687447929,39.9465990664105
Dudley,0,12,-75.0853307459476,39.9465090669781
Dudley,0,13,-75.0866527463601,39.9463580668144
Dudley,0,14,-75.0875207461767,39.9462670662144
Dudley,0,15,-75.0875917464223,39.94626006725
Dudley,0,16,-75.0888967466813,39.946122066372
Dudley,0,17,-75.0897297478648,39.946027066634
Dudley,0,18,-75.0905157475106,39.9459250667247
Dudley,0,19,-75.0915197474588,39.9457980670879
Dudley,0,20,-75.0923717481407,39.9456930661432
Dudley,0,21,-75.0928307484358,39.9456180668822
Dudley,0,22,-75.0932557477589,39.9455370663315
Dudley,0,23,-75.0936107486955,39.9454960665043
Dudley,0,24,-75.0942437486168,39.9458150670968
Dudley,0,25,-75.0947137491809,39.9460460670458
Dudley,0,26,-75.0955197492804,39.9464430662165
Dudley,0,27,-75.0960347483233,39.9466980659117
Dudley,0,28,-75.0964667491262,39.9469030668135
Dudley,0,29,-75.0967267500015,39.9470220663671
Dudley,0,30,-75.09680074908,39.9470590667145
Dudley,0,31,-75.0951357492112,39.9478120668948
Dudley,0,32,-75.0945307490646,39.948199066109
Dudley,0,33,-75.0941667485381,39.9484620668466
Dudley,0,34,-75.0909127473025,39.9510000678278
Dudley,0,35,-75.0905347470509,39.9512950676054
Dudley,0,36,-75.08977274769,39.9516740677009
Dudley,0,37,-75.0891997476511,39.9519600679072
Dudley,0,38,-75.0878237467213,39.9526450673152
Dudley,0,39,-75.0862707464631,39.9525710677748
Dudley,0,40,-75.085290745486,39.9520970683781
Dudley,0,41,-75.0831837452076,39.9510430680263
Dudley,0,42,-75.0817567456617,39.9503450676406
Dudley,0,43,-75.0804527438383,39.9496390677729
Dudley,0,44,-75.0792737440044,39.9492450676813
Dudley,0,45,-75.078287743552,39.9491730668668
Dudley,0,46,-75.0764347424433,39.9491190670675
Dudley,0,47,-75.0761817427927,39.9475010668308
Dudley,0,48,-75.076422742929,39.9474780671344
Dudley,0,49,-75.078510743491,39.9472550676365
Stockton,0,0,-75.0861617458254,39.9457230664094
Stockton,0,1,-75.0866527463601,39.9463580668144
Stockton,0,2,-75.0853307459476,39.9465090669781
Stockton,0,3,-75.0845687447929,39.9465990664105
Stockton,0,4,-75.0842217449011,39.9466350668575
Stockton,0,5,-75.0831597460273,39.9467570664582
Stockton,0,6,-75.0829927451759,39.9467760664879
Stockton,0,7,-75.0824747451616,39.9468320678804
Stockton,0,8,-75.0816647443546,39.9469160672791
Stockton,0,9,-75.081469743947,39.9469370673602
Stockton,0,10,-75.0805317435732,39.9470340666118
Stockton,0,11,-75.080384744749,39.9470500669425
Stockton,0,12,-75.0790507436255,39.9471890671541
Stockton,0,13,-75.0785357440365,39.9472520669129
Stockton,0,14,-75.078510743491,39.9472550676365
Stockton,0,15,-75.076422742929,39.9474780671344
Stockton,0,16,-75.0761817427927,39.9475010668308
Stockton,0,17,-75.0755557428308,39.9475700677773
Stockton,0,18,-75.075226742178,39.9475990669255
Stockton,0,19,-75.0745267418311,39.9476840675937
Stockton,0,20,-75.0743897423907,39.9477000675173
Stockton,0,21,-75.0735407418115,39.9477740677061
Stockton,0,22,-75.0727117413799,39.9478790680097
Stockton,0,23,-75.0725467415671,39.9478960678564
Stockton,0,24,-75.0718797421425,39.9479640670013
Stockton,0,25,-75.0710007416386,39.9480570682602
Stockton,0,26,-75.0707087408468,39.9480890680731
Stockton,0,27,-75.0705477410419,39.9481050672135
Stockton,0,28,-75.0702137403676,39.9481390684851
Stockton,0,29,-75.0697327404398,39.9481910678144
Stockton,0,30,-75.0679187399881,39.9483830682104
Stockton,0,31,-75.0670897410163,39.948470068161
Stockton,0,32,-75.0670157393584,39.9484780681428
Stockton,0,33,-75.0669397400262,39.9484860679385
Stockton,0,34,-75.0665477396689,39.9485270678751
Stockton,0,35,-75.0665767394565,39.9478490677172
Stockton,0,36,-75.0665977404393,39.9468350676604
Stockton,0,37,-75.066764740124,39.9468340676275
Stockton,0,38,-75.0674617403795,39.9468050680319
Stockton,0,39,-75.0677317404898,39.9468240679822
Stockton,0,40,-75.0677827400364,39.9468280677776
Stockton,0,41,-75.0678627407381,39.9468340673919
Stockton,0,42,-75.0679757401738,39.9468420678967
Stockton,0,43,-75.0683047398834,39.9468640677458
Stockton,0,44,-75.0689317401227,39.9469080681527
Stockton,0,45,-75.0691587410343,39.9469220678744
Stockton,0,46,-75.0692557409582,39.9469280677374
Stockton,0,47,-75.0694457409586,39.9469400679515
Stockton,0,48,-75.069763740964,39.9469590678797
Stockton,0,49,-75.0708157420493,39.9461250672578
Stockton,0,50,-75.071766741883,39.9453700665333
Stockton,0,51,-75.0724037409192,39.9448650670464
Stockton,0,52,-75.0725907425301,39.9447170665593
Stockton,0,53,-75.0731497419542,39.9442300669498
Stockton,0,54,-75.0738387429492,39.9435780667179
Stockton,0,55,-75.0746047424522,39.942945066755
Stockton,0,56,-75.0749997427689,39.9426180670038
Stockton,0,57,-75.0750807423039,39.942548066409
Stockton,0,58,-75.0755167424686,39.942168066326
Stockton,0,59,-75.0761227419848,39.9416390664728
Stockton,0,60,-75.0766947422557,39.941141065693
Stockton,0,61,-75.0775577434401,39.9404070657645
Stockton,0,62,-75.078412742665,39.9396890661913
Stockton,0,63,-75.0793187439983,39.9388920661335
Stockton,0,64,-75.0799747434674,39.9392000659931
Stockton,0,65,-75.0807147437876,39.9395270652395
Stockton,0,66,-75.0810617441276,39.9396810650595
Stockton,0,67,-75.0817217434571,39.9399940653844
Stockton,0,68,-75.0820307450292,39.94014006637
Stockton,0,69,-75.0820187444748,39.9402450657743
Stockton,0,70,-75.0820547446172,39.9403690660969
Stockton,0,71,-75.0822087443512,39.9406310654284
Stockton,0,72,-75.0826677442579,39.9412230658331
Stockton,0,73,-75.0831947444462,39.9419020660431
Stockton,0,74,-75.0836867454782,39.9425260660249
Stockton,0,75,-75.0841737453639,39.9431630664716
Stockton,0,76,-75.0846717457502,39.9438030663195
Stockton,0,77,-75.085172744983,39.9444490664479
Stockton,0,78,-75.0856427456734,39.9450540665551
Stockton,0,79,-75.0861617458254,39.9457230664094
Marlton,0,0,-75.0901077465524,39.9359760645249
Marlton,0,1,-75.0901267461877,39.9360910643536
Marlton,0,2,-75.0902257469479,39.9363180648442
Marlton,0,3,-75.0904147470069,39.9364330646503
Marlton,0,4,-75.0905897467091,39.9365510645754
Marlton,0,5,-75.0907647478081,39.9366480650377
Marlton,0,6,-75.0910417471288,39.9367030648473
Marlton,0,7,-75.0912187469174,39.9367670649724
Marlton,0,8,-75.0914827475789,39.9368360649158
Marlton,0,9,-75.0915337473569,39.9368690643954
Marlton,0,10,-75.0926287478699,39.9370540648306
Marlton,0,11,-75.0937647478613,39.9371170651667
Marlton,0,12,-75.0944287484845,39.9371730646415
Marlton,0,13,-75.0946807484571,39.9373140649296
Marlton,0,14,-75.0947547477661,39.9373940639229
Marlton,0,15,-75.0948297481534,39.9374750647268
Marlton,0,16,-75.0949037478182,39.9375550645209
Marlton,0,17,-75.0951927484821,39.9377730647706
Marlton,0,18,-75.0955007487482,39.9379300651168
Marlton,0,19,-75.0957737492571,39.9380600646347
Marlton,0,20,-75.0959617485976,39.9382130641784
Marlton,0,21,-75.0961927486616,39.9384090647205
Marlton,0,22,-75.0964097489315,39.9386510649668
Marlton,0,23,-75.0964227491238,39.9386660642845
Marlton,0,24,-75.0966267488353,39.9389460653315
Marlton,0,25,-75.0971237495209,39.9393110652018
Marlton,0,26,-75.0973467491463,39.9394460652223
Marlton,0,27,-75.0980917491204,39.9396780647241
Marlton,0,28,-75.098849749489,39.9398210650944
Marlton,0,29,-75.0993667499381,39.9399020650409
Marlton,0,30,-75.1000947504127,39.9400160653417
Marlton,0,31,-75.1007517511501,39.9400880649546
Marlton,0,32,-75.1012307509432,39.940179064916
Marlton,0,33,-75.1024667509119,39.9402740651154
Marlton,0,34,-75.1027457506071,39.9402770653844
Marlton,0,35,-75.1030147519038,39.9401710652523
Marlton,0,36,-75.103176751305,39.9399560650944
Marlton,0,37,-75.1033887508874,39.9397560643354
Marlton,0,38,-75.1035927508689,39.9394960652592
Marlton,0,39,-75.1037977512167,39.939258064969
Marlton,0,40,-75.1040737510153,39.939074064008
Marlton,0,41,-75.1045277518507,39.9388840642942
Marlton,0,42,-75.1050037519493,39.9387040638884
Marlton,0,43,-75.1054177512141,39.9386850639983
Marlton,0,44,-75.1056757516837,39.9387160645977
Marlton,0,45,-75.1058417525098,39.9388750653259
Marlton,0,46,-75.1059667514304,39.9391980644464
Marlton,0,47,-75.1059537518969,39.9392860642668
Marlton,0,48,-75.1059657512052,39.9397760646847
Marlton,0,49,-75.1060417514294,39.9401220653995
Marlton,0,50,-75.1061307523425,39.9404620650948
Marlton,0,51,-75.1060767519748,39.9407160649215
Marlton,0,52,-75.1059877524671,39.9410520654819
Marlton,0,53,-75.1056997520167,39.9413400648059
Marlton,0,54,-75.1054877516779,39.9415620650826
Marlton,0,55,-75.1052597515839,39.9417840647294
Marlton,0,56,-75.1051897513818,39.9418970657719
Marlton,0,57,-75.1051107521799,39.9420210654754
Marlton,0,58,-75.1050337513369,39.9421450655028
Marlton,0,59,-75.1049877516339,39.9422200653998
Marlton,0,60,-75.104710752444,39.9429650656858
Marlton,0,61,-75.1045887522243,39.9434500660148
Marlton,0,62,-75.1045107522471,39.9438760654355
Marlton,0,63,-75.1044737522725,39.9439880652853
Marlton,0,64,-75.1044357523687,39.9441050656721
Marlton,0,65,-75.104334751689,39.9444040658544
Marlton,0,66,-75.10425975176,39.9446850657416
Marlton,0,67,-75.104262752245,39.944938065804
Marlton,0,68,-75.1042647511124,39.9450830660634
Marlton,0,69,-75.1036577524541,39.9452050660675
Marlton,0,70,-75.1034847511994,39.9452520659628
Marlton,0,71,-75.1033597513222,39.9452860662489
Marlton,0,72,-75.1032337513716,39.9453210659875
Marlton,0,73,-75.1028617504746,39.945432066142
Marlton,0,74,-75.1026217512051,39.945492065392
Marlton,0,75,-75.1024957505251,39.9455230660819
Marlton,0,76,-75.102189751557,39.9456180667232
Marlton,0,77,-75.1019747510304,39.9456850657021
Marlton,0,78,-75.1015857507231,39.9457750662155
Marlton,0,79,-75.1005367514287,39.9460080663734
Marlton,0,80,-75.1004287508386,39.9460290664713
Marlton,0,81,-75.0991857501712,39.946281066883
Marlton,0,82,-75.0988707506428,39.9463640663996
Marlton,0,83,-75.0985687501123,39.9464440661372
Marlton,0,84,-75.0978077500604,39.9466590659221
Marlton,0,85,-75.0972327498628,39.9468790662833
Marlton,0,86,-75.0969897489243,39.9469730666325
Marlton,0,87,-75.09680074908,39.9470590667145
Marlton,0,88,-75.0967267500015,39.9470220663671
Marlton,0,89,-75.0964667491262,39.9469030668135
Marlton,0,90,-75.0960347483233,39.9466980659117
Marlton,0,91,-75.0955197492804,39.9464430662165
Marlton,0,92,-75.0947137491809,39.9460460670458
Marlton,0,93,-75.0942437486168,39.9458150670968
Marlton,0,94,-75.0936107486955,39.9454960665043
Marlton,0,95,-75.0932557477589,39.9455370663315
Marlton,0,96,-75.0928307484358,39.9456180668822
Marlton,0,97,-75.0923717481407,39.9456930661432
Marlton,0,98,-75.0915197474588,39.9457980670879
Marlton,0,99,-75.0905157475106,39.9459250667247
Marlton,0,100,-75.0897297478648,39.946027066634
Marlton,0,101,-75.0888967466813,39.946122066372
Marlton,0,102,-75.0875917464223,39.94626006725
Marlton,0,103,-75.0875207461767,39.9462670662144
Marlton,0,104,-75.0866527463601,39.9463580668144
Marlton,0,105,-75.0861617458254,39.9457230664094
Marlton,0,106,-75.0856427456734,39.9450540665551
Marlton,0,107,-75.085172744983,39.9444490664479
Marlton,0,108,-75.0846717457502,39.9438030663195
Marlton,0,109,-75.0841737453639,39.9431630664716
Marlton,0,110,-75.0836867454782,39.9425260660249
Marlton,0,111,-75.0831947444462,39.9419020660431
Marlton,0,112,-75.0826677442579,39.9412230658331
Marlton,0,113,-75.0822087443512,39.9406310654284
Marlton,0,114,-75.0820547446172,39.9403690660969
Marlton,0,115,-75.0820187444748,39.9402450657743
Marlton,0,116,-75.0820307450292,39.94014006637
Marlton,0,117,-75.0827797448887,39.9404950652124
Marlton,0,118,-75.083083745684,39.9406390655089
Marlton,0,119,-75.0837957448214,39.9401720657211
Marlton,0,120,-75.0844217450738,39.9397110659759
Marlton,0,121,-75.0849687457282,39.9391950650046
Marlton,0,122,-75.0855507449235,39.9386740658649
Marlton,0,123,-75.08619074559,39.9382330644533
Marlton,0,124,-75.0867347453117,39.9377090647227
Marlton,0,125,-75.0880347464413,39.9366810645264
Marlton,0,126,-75.0881637464179,39.9365790648223
Marlton,0,127,-75.0885307461959,39.9362660642566
Marlton,0,128,-75.0888197462614,39.9360200645003
Marlton,0,129,-75.0892967463135,39.9363850647136
Marlton,0,130,-75.0897527470674,39.9361600649682
Marlton,0,131,-75.0898447472395,39.9361110648166
Marlton,0,132,-75.0901077465524,39.9359760645249
Biedeman,0,0,-75.0881817468196,39.9531850685512
Biedeman,0,1,-75.0885817478311,39.9528500678919
Biedeman,0,2,-75.0892097466844,39.9523480678112
Biedeman,0,3,-75.0903447470477,39.9514430679611
Biedeman,0,4,-75.0905347470509,39.9512950676054
Biedeman,0,5,-75.0905487474932,39.9513120674305
Biedeman,0,6,-75.0906397482941,39.9514270675562
Biedeman,0,7,-75.0907197477071,39.9515290678853
Biedeman,0,8,-75.0907767474881,39.9516010674504
Biedeman,0,9,-75.0908247477367,39.9516620674551
Biedeman,0,10,-75.0908347472604,39.9516740670814
Biedeman,0,11,-75.0909747474938,39.9518520676995
Biedeman,0,12,-75.0910197480501,39.9519090675501
Biedeman,0,13,-75.0913257484761,39.9523000676866
Biedeman,0,14,-75.0914347475396,39.9524440682597
Biedeman,0,15,-75.091765747821,39.9528790671786
Biedeman,0,16,-75.0922337484649,39.9534960678041
Biedeman,0,17,-75.0924347482539,39.953760068074
Biedeman,0,18,-75.0926607478919,39.9540570682446
Biedeman,0,19,-75.0931137487832,39.9546530679595
Biedeman,0,20,-75.0935797484026,39.9552660685977
Biedeman,0,21,-75.0937717486143,39.9555190680387
Biedeman,0,22,-75.0940207490294,39.9558470680098
Biedeman,0,23,-75.094627749924,39.9566350689766
Biedeman,0,24,-75.0948737500556,39.9569520685638
Biedeman,0,25,-75.0950807490243,39.9572190686466
Biedeman,0,26,-75.0955287489281,39.9577960684308
Biedeman,0,27,-75.0957577501968,39.9580920687105
Biedeman,0,28,-75.0959897500738,39.9583910686726
Biedeman,0,29,-75.0964527500253,39.9589880688999
Biedeman,0,30,-75.0966307497805,39.9592160696329
Biedeman,0,31,-75.0969047505646,39.9595700685058
Biedeman,0,32,-75.0973177502504,39.9601030687832
Biedeman,0,33,-75.0973247500041,39.9601820689145
Biedeman,0,34,-75.0979067502638,39.9607710694628
Biedeman,0,35,-75.0979157508981,39.9608020695286
Biedeman,0,36,-75.0979167501555,39.960901069249
Biedeman,0,37,-75.098130751231,39.9611810697808
Biedeman,0,38,-75.0982947509869,39.9613430686866
Biedeman,0,39,-75.0984377510317,39.9614680693194
Biedeman,0,40,-75.0985157510316,39.9615940701098
Biedeman,0,41,-75.0985437510723,39.9617020689776
Biedeman,0,42,-75.0986237517165,39.9619630699913
Biedeman,0,43,-75.098461750818,39.9620410700474
Biedeman,0,44,-75.0989247504056,39.9627700693828
Biedeman,0,45,-75.0990207506009,39.962920069816
Biedeman,0,46,-75.0978575212631,39.9637613952303
Biedeman,0,47,-75.0967587506335,39.96455606995
Biedeman,0,48,-75.0945027497953,39.9661890703596
Biedeman,0,49,-75.0943207491401,39.9663200701877
Biedeman,0,50,-75.0924917496869,39.967292070621
Biedeman,0,51,-75.091684302725,39.9677214815559
Biedeman,0,52,-75.0907467487361,39.9682200712404
Biedeman,0,53,-75.0887677477525,39.9691750710746
Biedeman,0,54,-75.0881387480929,39.9694780706416
Biedeman,0,55,-75.0881227474284,39.9694860717363
Biedeman,0,56,-75.0880987476616,39.9694530718188
Biedeman,0,57,-75.0870217475993,39.9680990709097
Biedeman,0,58,-75.0848547474753,39.9653750708521
Biedeman,0,59,-75.0844777467772,39.9648670711152
Biedeman,0,60,-75.0844787470244,39.9646870705181
Biedeman,0,61,-75.0837417459991,39.9636730703022
Biedeman,0,62,-75.0826447460578,39.9620230704619
Biedeman,0,63,-75.0822107456968,39.9614580707394
Biedeman,0,64,-75.0817387453129,39.9608290701647
Biedeman,0,65,-75.0811707454253,39.9600660695713
Biedeman,0,66,-75.0810477452324,39.9599010693339
Biedeman,0,67,-75.0810197444099,39.9598630691902
Biedeman,0,68,-75.0808887451223,39.9596860691014
Biedeman,0,69,-75.0812867450427,39.9592990690383
Biedeman,0,70,-75.0820697462202,39.9585360691357
Biedeman,0,71,-75.0824797453416,39.9581660686008
Biedeman,0,72,-75.0836407457514,39.9571200694841
Biedeman,0,73,-75.0837907457385,39.9569850689958
Biedeman,0,74,-75.0842907469641,39.9565990687995
Biedeman,0,75,-75.0856047459536,39.9555850689158
Biedeman,0,76,-75.0858017464021,39.9554330679865
Biedeman,0,77,-75.0861887461431,39.9551130688032
Biedeman,0,78,-75.0862707470336,39.9550460683397
Biedeman,0,79,-75.0867627472838,39.9546390681256
Biedeman,0,80,-75.0872137475773,39.9541290675646
Biedeman,0,81,-75.0881817468196,39.9531850685512
Liberty Park,0,0,-75.115384753426,39.9270470616039
Liberty Park,0,1,-75.1139537545431,39.9283860615668
Liberty Park,0,2,-75.1131397528785,39.9291490621484
Liberty Park,0,3,-75.1126407540066,39.9291860620177
Liberty Park,0,4,-75.111916753189,39.9292520623172
Liberty Park,0,5,-75.1113937533387,39.9292850618288
Liberty Park,0,6,-75.1104177523225,39.9293460628234
Liberty Park,0,7,-75.1096497517084,39.9294050623027
Liberty Park,0,8,-75.1076867523148,39.9295580625575
Liberty Park,0,9,-75.1075337516976,39.9291940624293
Liberty Park,0,10,-75.107399752387,39.9289200625775
Liberty Park,0,11,-75.1070517506068,39.9282380625544
Liberty Park,0,12,-75.1068367523173,39.9277780629046
Liberty Park,0,13,-75.1067627515134,39.9276390622344
Liberty Park,0,14,-75.1063797515026,39.9269320619384
Liberty Park,0,15,-75.1061407510382,39.9264740616823
Liberty Park,0,16,-75.1060667505736,39.9263310622653
Liberty Park,0,17,-75.1058247511159,39.9258410620441
Liberty Park,0,18,-75.1057197509731,39.9256300620161
Liberty Park,0,19,-75.1055037511159,39.9252060618711
Liberty Park,0,20,-75.105365751423,39.9249410622448
Liberty Park,0,21,-75.1052527508437,39.9247240615425
Liberty Park,0,22,-75.1050327501767,39.9242850619362
Liberty Park,0,23,-75.1048407507187,39.9238810616346
Liberty Park,0,24,-75.105558750839,39.9236660607978
Liberty Park,0,25,-75.106153751681,39.9234850618997
Liberty Park,0,26,-75.1063847517322,39.9234130607226
Liberty Park,0,27,-75.1066517506097,39.9233920609716
Liberty Park,0,28,-75.1069037509225,39.9233950611507
Liberty Park,0,29,-75.1070517503236,39.9233970614983
Liberty Park,0,30,-75.1079427522971,39.9234020615298
Liberty Park,0,31,-75.1088447517387,39.9233960614107
Liberty Park,0,32,-75.1096697524207,39.9234200610943
Liberty Park,0,33,-75.110645751957,39.9234230612881
Liberty Park,0,34,-75.1123827528982,39.9234360606845
Liberty Park,0,35,-75.1132087535056,39.9234430613704
Liberty Park,0,36,-75.1140907536481,39.9234470619668
Liberty Park,0,37,-75.1149837539681,39.9234480611865
Liberty Park,0,38,-75.1156097540442,39.9234510604772
Liberty Park,0,39,-75.1160577549187,39.9234550608039
Liberty Park,0,40,-75.1161647535739,39.9234550606064
Liberty Park,0,41,-75.1163167541985,39.9234570611896
Liberty Park,0,42,-75.1167327544241,39.9234600607741
Liberty Park,0,43,-75.1166627549429,39.9243740610929
Liberty Park,0,44,-75.1166407547046,39.9247480611937
Liberty Park,0,45,-75.1166337543301,39.9247900617206
Liberty Park,0,46,-75.1165547545898,39.9252530616602
Liberty Park,0,47,-75.116475753776,39.9255330619698
Liberty Park,0,48,-75.1163927549312,39.9257020616545
Liberty Park,0,49,-75.1162977537742,39.9258950615043
Liberty Park,0,50,-75.1161997534833,39.926032061907
Liberty Park,0,51,-75.1159277538927,39.9264130618993
Liberty Park,0,52,-75.1158057544949,39.9265840616309
Liberty Park,0,53,-75.115466753988,39.9269700622169
Liberty Park,0,54,-75.115384753426,39.9270470616039
Rosedale,0,0,-75.0737207430843,39.9500680683908
Rosedale,0,1,-75.0734927421501,39.9497610672244
Rosedale,0,2,-75.0734587425039,39.9497150686187
Rosedale,0,3,-75.07339974242,39.9496350684582
Rosedale,0,4,-75.0733647422813,39.9495890675664
Rosedale,0,5,-75.0733327431356,39.9495450676115
Rosedale,0,6,-75.0732977419329,39.9494990685053
Rosedale,0,7,-75.0731357419415,39.9492840683836
Rosedale,0,8,-75.0730537419368,39.9491510677699
Rosedale,0,9,-75.0729947420376,39.9489810675392
Rosedale,0,10,-75.0729097414092,39.9486490670382
Rosedale,0,11,-75.0727117413799,39.9478790680097
Rosedale,0,12,-75.0735407418115,39.9477740677061
Rosedale,0,13,-75.0743897423907,39.9477000675173
Rosedale,0,14,-75.0745267418311,39.9476840675937
Rosedale,0,15,-75.075226742178,39.9475990669255
Rosedale,0,16,-75.0755557428308,39.9475700677773
Rosedale,0,17,-75.0761817427927,39.9475010668308
Rosedale,0,18,-75.0764347424433,39.9491190670675
Rosedale,0,19,-75.078287743552,39.9491730668668
Rosedale,0,20,-75.0792737440044,39.9492450676813
Rosedale,0,21,-75.0804527438383,39.9496390677729
Rosedale,0,22,-75.0817567456617,39.9503450676406
Rosedale,0,23,-75.0831837452076,39.9510430680263
Rosedale,0,24,-75.085290745486,39.9520970683781
Rosedale,0,25,-75.0862707464631,39.9525710677748
Rosedale,0,26,-75.0878237467213,39.9526450673152
Rosedale,0,27,-75.0891997476511,39.9519600679072
Rosedale,0,28,-75.08977274769,39.9516740677009
Rosedale,0,29,-75.0905347470509,39.9512950676054
Rosedale,0,30,-75.0903447470477,39.9514430679611
Rosedale,0,31,-75.0892097466844,39.9523480678112
Rosedale,0,32,-75.0885817478311,39.9528500678919
Rosedale,0,33,-75.0881817468196,39.9531850685512
Rosedale,0,34,-75.0872137475773,39.9541290675646
Rosedale,0,35,-75.0867627472838,39.9546390681256
Rosedale,0,36,-75.0862707470336,39.9550460683397
Rosedale,0,37,-75.0861887461431,39.9551130688032
Rosedale,0,38,-75.0858017464021,39.9554330679865
Rosedale,0,39,-75.0856047459536,39.9555850689158
Rosedale,0,40,-75.0842907469641,39.9565990687995
Rosedale,0,41,-75.0837907457385,39.9569850689958
Rosedale,0,42,-75.0836407457514,39.9571200694841
Rosedale,0,43,-75.0824797453416,39.9581660686008
Rosedale,0,44,-75.0820697462202,39.9585360691357
Rosedale,0,45,-75.0812867450427,39.9592990690383
Rosedale,0,46,-75.0808887451223,39.9596860691014
Rosedale,0,47,-75.0806587449638,39.9593790692721
Rosedale,0,48,-75.0805357449202,39.9592140702673
Rosedale,0,49,-75.0804777447845,39.9591360702409
Rosedale,0,50,-75.0802817448876,39.958873069209
Rosedale,0,51,-75.0796017446647,39.9579600695518
Rosedale,0,52,-75.0789987440758,39.9571520685923
Rosedale,0,53,-75.0782857444227,39.9561970689072
Rosedale,0,54,-75.0778257435768,39.9555810692121
Rosedale,0,55,-75.0775537439869,39.9552170691511
Rosedale,0,56,-75.076878744204,39.9555070689696
Rosedale,0,57,-75.0761487438848,39.9557900685935
Rosedale,0,58,-75.0753307434134,39.9561240688865
Rosedale,0,59,-75.074435743544,39.9564870686018
Rosedale,0,60,-75.0737147422379,39.9567790685325
Rosedale,0,61,-75.072897742326,39.9570980697117
Rosedale,0,62,-75.0725697429656,39.956780069134
Rosedale,0,63,-75.0720097415909,39.9562700699528
Rosedale,0,64,-75.0708507423316,39.9551950697681
Rosedale,0,65,-75.0697017418598,39.9540880685283
Rosedale,0,66,-75.0704277409505,39.9536400686824
Rosedale,0,67,-75.0711047414974,39.953207069197
Rosedale,0,68,-75.0717137420149,39.9528070680434
Rosedale,0,69,-75.0724577417114,39.9523300692039
Rosedale,0,70,-75.0733987425427,39.9516710676334
Rosedale,0,71,-75.0744587430773,39.9510600683807
Rosedale,0,72,-75.0737207430843,39.9500680683908
Parkside,0,0,-75.1000877493496,39.9302260633169
Parkside,0,1,-75.1002967497749,39.9303780628677
Parkside,0,2,-75.1004917493474,39.9305200627849
Parkside,0,3,-75.1008777498144,39.9307980637843
Parkside,0,4,-75.1017917496223,39.9314440635579
Parkside,0,5,-75.1024717502189,39.9319170627792
Parkside,0,6,-75.1027577510854,39.9321170637451
Parkside,0,7,-75.1035727507402,39.9327030630772
Parkside,0,8,-75.1043957516942,39.9332170642344
Parkside,0,9,-75.1054917509332,39.9339010638298
Parkside,0,10,-75.1064787518025,39.9344950638199
Parkside,0,11,-75.1065937519864,39.9345720639004
Parkside,0,12,-75.1074047513819,39.9350790635597
Parkside,0,13,-75.1068287523,39.9356170643551
Parkside,0,14,-75.1062467516703,39.9361410641648
Parkside,0,15,-75.1056557512014,39.9367190642351
Parkside,0,16,-75.1051137512855,39.9372200640486
Parkside,0,17,-75.1047457515466,39.9375750646251
Parkside,0,18,-75.1043427506011,39.9375960647016
Parkside,0,19,-75.1021477509877,39.9377580645129
Parkside,0,20,-75.1004187507911,39.9379050644428
Parkside,0,21,-75.0993727491468,39.938004064137
Parkside,0,22,-75.0990267493434,39.9380530649013
Parkside,0,23,-75.0987517497242,39.9381030643655
Parkside,0,24,-75.0981927501683,39.9382530648132
Parkside,0,25,-75.0981247491772,39.9382560646364
Parkside,0,26,-75.0979757488356,39.9382420651643
Parkside,0,27,-75.0977897492534,39.9381920648049
Parkside,0,28,-75.0975487495375,39.9381280650518
Parkside,0,29,-75.0972317496002,39.9380160647103
Parkside,0,30,-75.097070749053,39.9379450649382
Parkside,0,31,-75.0969177486248,39.9379090650183
Parkside,0,32,-75.0963627490194,39.9378980654685
Parkside,0,33,-75.0953817484336,39.9370400647133
Parkside,0,34,-75.0950267487603,39.9373220642306
Parkside,0,35,-75.0949707482666,39.9373660649408
Parkside,0,36,-75.0948297481534,39.9374750647268
Parkside,0,37,-75.0947547477661,39.9373940639229
Parkside,0,38,-75.0946807484571,39.9373140649296
Parkside,0,39,-75.0944287484845,39.9371730646415
Parkside,0,40,-75.0937647478613,39.9371170651667
Parkside,0,41,-75.0926287478699,39.9370540648306
Parkside,0,42,-75.0915337473569,39.9368690643954
Parkside,0,43,-75.0914827475789,39.9368360649158
Parkside,0,44,-75.0912187469174,39.9367670649724
Parkside,0,45,-75.0910417471288,39.9367030648473
Parkside,0,46,-75.0907647478081,39.9366480650377
Parkside,0,47,-75.0905897467091,39.9365510645754
Parkside,0,48,-75.0904147470069,39.9364330646503
Parkside,0,49,-75.0902257469479,39.9363180648442
Parkside,0,50,-75.0901267461877,39.9360910643536
Parkside,0,51,-75.0901077465524,39.9359760645249
Parkside,0,52,-75.0898447472395,39.9361110648166
Parkside,0,53,-75.0897527470674,39.9361600649682
Parkside,0,54,-75.0897137471757,39.93609906449
Parkside,0,55,-75.0896847469507,39.9359820645358
Parkside,0,56,-75.0896747471511,39.9359420643513
Parkside,0,57,-75.0896897466563,39.9358330650037
Parkside,0,58,-75.0897317467555,39.9357520647494
Parkside,0,59,-75.0898107474303,39.9356890643288
Parkside,0,60,-75.0898327465091,39.9356260647251
Parkside,0,61,-75.0898177460573,39.9355360644628
Parkside,0,62,-75.0897757467849,39.9354550645417
Parkside,0,63,-75.0897887469774,39.9353920647829
Parkside,0,64,-75.0897327469352,39.9352750643604
Parkside,0,65,-75.0896607468187,39.9352120636899
Parkside,0,66,-75.0895967464786,39.935194064186
Parkside,0,67,-75.0895457465385,39.9351490645587
Parkside,0,68,-75.0895607464539,39.9349960636388
Parkside,0,69,-75.089453747082,39.9348510643582
Parkside,0,70,-75.0891327455237,39.934726063917
Parkside,0,71,-75.088846745729,39.9346630645637
Parkside,0,72,-75.0887737464658,39.9346550640722
Parkside,0,73,-75.0884127460474,39.9346180643354
Parkside,0,74,-75.088269746464,39.9346270639153
Parkside,0,75,-75.0880767453802,39.9346900642239
Parkside,0,76,-75.0872717465215,39.9350750645577
Parkside,0,77,-75.0869337453287,39.9350910650059
Parkside,0,78,-75.0866037454982,39.9350890646929
Parkside,0,79,-75.0863867449229,39.9350290644055
Parkside,0,80,-75.0861907452674,39.9348440639213
Parkside,0,81,-75.0861157455168,39.9346920642465
Parkside,0,82,-75.0861087446079,39.9346490645218
Parkside,0,83,-75.0860757448644,39.9344490643165
Parkside,0,84,-75.0859857450658,39.9343080651041
Parkside,0,85,-75.0859367455014,39.9341940646298
Parkside,0,86,-75.0859367446175,39.934181063757
Parkside,0,87,-75.0859367446309,39.9341290647511
Parkside,0,88,-75.0861147451876,39.934121063845
Parkside,0,89,-75.0861747447328,39.9341020644401
Parkside,0,90,-75.08621874588,39.9340710646443
Parkside,0,91,-75.0862377457674,39.9340260644799
Parkside,0,92,-75.0862897455453,39.9339040640063
Parkside,0,93,-75.0862737455775,39.9338120642178
Parkside,0,94,-75.0862627455638,39.9337520639615
Parkside,0,95,-75.0862147456798,39.9335950639478
Parkside,0,96,-75.0862307457173,39.9334170635843
Parkside,0,97,-75.0863567455701,39.9334060646452
Parkside,0,98,-75.0863647456674,39.9333740642179
Parkside,0,99,-75.0863687447321,39.9333330642932
Parkside,0,100,-75.0863737460787,39.9332840636775
Parkside,0,101,-75.0863837449076,39.933185063574
Parkside,0,102,-75.0863967458258,39.9330550637857
Parkside,0,103,-75.0863927455916,39.9327420640087
Parkside,0,104,-75.0863327452853,39.9324890637453
Parkside,0,105,-75.0861957449663,39.9322750635991
Parkside,0,106,-75.086044745627,39.9321170637734
Parkside,0,107,-75.0860087461305,39.9320340640432
Parkside,0,108,-75.0860017456788,39.9320190638336
Parkside,0,109,-75.0859487460474,39.9318970635901
Parkside,0,110,-75.0860167453747,39.9316050638452
Parkside,0,111,-75.0861147452676,39.9313800641106
Parkside,0,112,-75.0862127446172,39.9311690640626
Parkside,0,113,-75.086366744967,39.9308990641787
Parkside,0,114,-75.0865207449556,39.9305840635823
Parkside,0,115,-75.0866467457352,39.9304020640485
Parkside,0,116,-75.0867727450514,39.9301540637637
Parkside,0,117,-75.0869697449815,39.9298440636478
Parkside,0,118,-75.0870727453105,39.9295190631275
Parkside,0,119,-75.0871417447585,39.9292000640951
Parkside,0,120,-75.0871667449278,39.9288920630586
Parkside,0,121,-75.0872217447548,39.9286610633295
Parkside,0,122,-75.0872607451193,39.9283140634296
Parkside,0,123,-75.0873217456205,39.9280330625867
Parkside,0,124,-75.0872987446662,39.9277530627711
Parkside,0,125,-75.0872387450531,39.9275050635134
Parkside,0,126,-75.0870927456247,39.9273030631692
Parkside,0,127,-75.0869127445241,39.9270900632049
Parkside,0,128,-75.0867117442946,39.9269430626806
Parkside,0,129,-75.0864887453988,39.9268280628269
Parkside,0,130,-75.0861737447137,39.9267430629755
Parkside,0,131,-75.0857937453039,39.9266900624481
Parkside,0,132,-75.0854367450221,39.9266710626652
Parkside,0,133,-75.0848867447005,39.9267120628481
Parkside,0,134,-75.0843737439288,39.9267820633656
Parkside,0,135,-75.0842157435639,39.9267620630061
Parkside,0,136,-75.084102744242,39.9267480623721
Parkside,0,137,-75.0839977450673,39.9267350625581
Parkside,0,138,-75.0839177441372,39.9267250631354
Parkside,0,139,-75.0838767445306,39.9267160634133
Parkside,0,140,-75.083882745113,39.9266210628933
Parkside,0,141,-75.0837787437789,39.92653406246
Parkside,0,142,-75.0835907446339,39.9263440630385
Parkside,0,143,-75.0834937437214,39.9262030626722
Parkside,0,144,-75.0834677441708,39.9259110624477
Parkside,0,145,-75.083426743877,39.925765063162
Parkside,0,146,-75.083343744025,39.9257100634753
Parkside,0,147,-75.0832247436011,39.9255370622096
Parkside,0,148,-75.0832017435406,39.9254810625502
Parkside,0,149,-75.0833127436732,39.9251100623566
Parkside,0,150,-75.0831987444241,39.9251070626727
Parkside,0,151,-75.0839697439222,39.9247260624189
Parkside,0,152,-75.0855377444123,39.9237730620993
Parkside,0,153,-75.0857067444281,39.9237020627653
Parkside,0,154,-75.0880657447584,39.9227040618292
Parkside,0,155,-75.0884157451171,39.9228280618742
Parkside,0,156,-75.0896897455952,39.9232810617403
Parkside,0,157,-75.0904167452654,39.923523062403
Parkside,0,158,-75.0908597463323,39.9236840628296
Parkside,0,159,-75.0910267462456,39.9237450619039
Parkside,0,160,-75.0912207457264,39.923835062052
Parkside,0,161,-75.0919047461492,39.9243190618814
Parkside,0,162,-75.0922917467233,39.9245930624245
Parkside,0,163,-75.0938997476518,39.9257500629252
Parkside,0,164,-75.0953017481876,39.9267570625693
Parkside,0,165,-75.0953487486859,39.9267910627503
Parkside,0,166,-75.0954017480458,39.9268290627976
Parkside,0,167,-75.097566748899,39.9283960629458
Parkside,0,168,-75.0980337484645,39.9287340632713
Parkside,0,169,-75.0982687491058,39.9289050626614
Parkside,0,170,-75.0991237496747,39.9295260628749
Parkside,0,171,-75.1000877493496,39.9302260633169
Cramer Hill,0,0,-75.103176751697,39.9598900687239
Cramer Hill,0,1,-75.1028177530626,39.9601520694529
Cramer Hill,0,2,-75.1024587522757,39.9604130692902
Cramer Hill,0,3,-75.1010580103618,39.9614345280924
Cramer Hill,0,4,-75.1003256477026,39.9619685694739
Cramer Hill,0,5,-75.0990270651559,39.962915465196
Cramer Hill,0,6,-75.0989247504056,39.9627700693828
Cramer Hill,0,7,-75.098461750818,39.9620410700474
Cramer Hill,0,8,-75.0986237517165,39.9619630699913
Cramer Hill,0,9,-75.0985437510723,39.9617020689776
Cramer Hill,0,10,-75.0985157510316,39.9615940701098
Cramer Hill,0,11,-75.0984377510317,39.9614680693194
Cramer Hill,0,12,-75.0982947509869,39.9613430686866
Cramer Hill,0,13,-75.098130751231,39.9611810697808
Cramer Hill,0,14,-75.0979167501555,39.960901069249
Cramer Hill,0,15,-75.0979157508981,39.9608020695286
Cramer Hill,0,16,-75.0979067502638,39.9607710694628
Cramer Hill,0,17,-75.0973247500041,39.9601820689145
Cramer Hill,0,18,-75.0973177502504,39.9601030687832
Cramer Hill,0,19,-75.0969047505646,39.9595700685058
Cramer Hill,0,20,-75.0966307497805,39.9592160696329
Cramer Hill,0,21,-75.0964527500253,39.9589880688999
Cramer Hill,0,22,-75.0959897500738,39.9583910686726
Cramer Hill,0,23,-75.0957577501968,39.9580920687105
Cramer Hill,0,24,-75.0955287489281,39.9577960684308
Cramer Hill,0,25,-75.0950807490243,39.9572190686466
Cramer Hill,0,26,-75.0948737500556,39.9569520685638
Cramer Hill,0,27,-75.094627749924,39.9566350689766
Cramer Hill,0,28,-75.0940207490294,39.9558470680098
Cramer Hill,0,29,-75.0937717486143,39.9555190680387
Cramer Hill,0,30,-75.0935797484026,39.9552660685977
Cramer Hill,0,31,-75.0931137487832,39.9546530679595
Cramer Hill,0,32,-75.0926607478919,39.9540570682446
Cramer Hill,0,33,-75.0924347482539,39.953760068074
Cramer Hill,0,34,-75.0922337484649,39.9534960678041
Cramer Hill,0,35,-75.091765747821,39.9528790671786
Cramer Hill,0,36,-75.0914347475396,39.9524440682597
Cramer Hill,0,37,-75.0913257484761,39.9523000676866
Cramer Hill,0,38,-75.0910197480501,39.9519090675501
Cramer Hill,0,39,-75.0909747474938,39.9518520676995
Cramer Hill,0,40,-75.0908347472604,39.9516740670814
Cramer Hill,0,41,-75.0908247477367,39.9516620674551
Cramer Hill,0,42,-75.0907767474881,39.9516010674504
Cramer Hill,0,43,-75.0907197477071,39.9515290678853
Cramer Hill,0,44,-75.0906397482941,39.9514270675562
Cramer Hill,0,45,-75.0905487474932,39.9513120674305
Cramer Hill,0,46,-75.0905347470509,39.9512950676054
Cramer Hill,0,47,-75.0909127473025,39.9510000678278
Cramer Hill,0,48,-75.0941667485381,39.9484620668466
Cramer Hill,0,49,-75.0945307490646,39.948199066109
Cramer Hill,0,50,-75.0951357492112,39.9478120668948
Cramer Hill,0,51,-75.09680074908,39.9470590667145
Cramer Hill,0,52,-75.0969897489243,39.9469730666325
Cramer Hill,0,53,-75.0972327498628,39.9468790662833
Cramer Hill,0,54,-75.0978077500604,39.9466590659221
Cramer Hill,0,55,-75.0985687501123,39.9464440661372
Cramer Hill,0,56,-75.0988707506428,39.9463640663996
Cramer Hill,0,57,-75.0991857501712,39.946281066883
Cramer Hill,0,58,-75.1004287508386,39.9460290664713
Cramer Hill,0,59,-75.1005367514287,39.9460080663734
Cramer Hill,0,60,-75.1015857507231,39.9457750662155
Cramer Hill,0,61,-75.1019747510304,39.9456850657021
Cramer Hill,0,62,-75.102189751557,39.9456180667232
Cramer Hill,0,63,-75.1024957505251,39.9455230660819
Cramer Hill,0,64,-75.1026217512051,39.945492065392
Cramer Hill,0,65,-75.1028617504746,39.945432066142
Cramer Hill,0,66,-75.1032337513716,39.9453210659875
Cramer Hill,0,67,-75.1033597513222,39.9452860662489
Cramer Hill,0,68,-75.1034847511994,39.9452520659628
Cramer Hill,0,69,-75.1036577524541,39.9452050660675
Cramer Hill,0,70,-75.1042647511124,39.9450830660634
Cramer Hill,0,71,-75.1042657517865,39.9451450657104
Cramer Hill,0,72,-75.1043027517648,39.9452050663908
Cramer Hill,0,73,-75.1044807518595,39.9453890667646
Cramer Hill,0,74,-75.1048227516709,39.9455470653834
Cramer Hill,0,75,-75.1053387518228,39.9455760664687
Cramer Hill,0,76,-75.106250753202,39.9454650658654
Cramer Hill,0,77,-75.106589752155,39.9455350657096
Cramer Hill,0,78,-75.1067487529857,39.9455960655967
Cramer Hill,0,79,-75.106765752325,39.9456080659534
Cramer Hill,0,80,-75.1069527532489,39.9457340664386
Cramer Hill,0,81,-75.1075317533255,39.9461080662719
Cramer Hill,0,82,-75.1079797533983,39.9465820660681
Cramer Hill,0,83,-75.1082327527725,39.9470200663389
Cramer Hill,0,84,-75.1087077540328,39.9477060665198
Cramer Hill,0,85,-75.1093157535645,39.9485010666872
Cramer Hill,0,86,-75.1093647535527,39.9488130660748
Cramer Hill,0,87,-75.1096197542994,39.948975067241
Cramer Hill,0,88,-75.110029754177,39.9497990660512
Cramer Hill,0,89,-75.1101157532028,39.9501590663779
Cramer Hill,0,90,-75.1101817540208,39.9504400671251
Cramer Hill,0,91,-75.1102477545093,39.9507130668258
Cramer Hill,0,92,-75.1102107547586,39.9511390671309
Cramer Hill,0,93,-75.110092754842,39.9513260664183
Cramer Hill,0,94,-75.1104217543596,39.9517950674103
Cramer Hill,0,95,-75.1105897537997,39.9523270670926
Cramer Hill,0,96,-75.110618755153,39.9528440669133
Cramer Hill,0,97,-75.1105257539493,39.9531960671879
Cramer Hill,0,98,-75.1105097534868,39.9532320671974
Cramer Hill,0,99,-75.1102139990842,39.953958935919
Cramer Hill,0,100,-75.1101945682506,39.9540066910668
Cramer Hill,0,101,-75.1101807060707,39.954040758561
Cramer Hill,0,102,-75.1101684164426,39.9540709609439
Cramer Hill,0,103,-75.1101545977725,39.9541049228229
Cramer Hill,0,104,-75.1101423012519,39.9541351423524
Cramer Hill,0,105,-75.1101305407582,39.9541640458269
Cramer Hill,0,106,-75.1101204730912,39.9541887890266
Cramer Hill,0,107,-75.1101176841543,39.9541956436827
Cramer Hill,0,108,-75.1101131691608,39.9542067398508
Cramer Hill,0,109,-75.1101109047897,39.9542123046341
Cramer Hill,0,110,-75.110108481226,39.9542182620631
Cramer Hill,0,111,-75.1101051276145,39.9542265031785
Cramer Hill,0,112,-75.1100553617761,39.9543488092364
Cramer Hill,0,113,-75.1097784795034,39.95502926931
Cramer Hill,0,114,-75.1096304058774,39.9553931685459
Cramer Hill,0,115,-75.1094788108665,39.9557657175718
Cramer Hill,0,116,-75.1093663520265,39.9560420857314
Cramer Hill,0,117,-75.1092715157842,39.9562751424854
Cramer Hill,0,118,-75.1091626473813,39.9565426835344
Cramer Hill,0,119,-75.1090713354627,39.9567670783957
Cramer Hill,0,120,-75.1089614013827,39.9570372323849
Cramer Hill,0,121,-75.1088448479945,39.9573236508777
Cramer Hill,0,122,-75.1085940223802,39.9579400225321
Cramer Hill,0,123,-75.1085472501011,39.9580549578829
Cramer Hill,0,124,-75.1085207539192,39.9581200686181
Cramer Hill,0,125,-75.1081207541341,39.9581200689728
Cramer Hill,0,126,-75.1055969382932,39.9588831074453
Cramer Hill,0,127,-75.1038207524653,39.9594200684892
Cramer Hill,0,128,-75.1035427515729,39.959622069544
Cramer Hill,0,129,-75.103420752506,39.9597110685659
Cramer Hill,0,130,-75.103176751697,39.9598900687239
Bergen Square,0,0,-75.1194337558618,39.9364980631172
Bergen Square,0,1,-75.1186677561642,39.936552064157
Bergen Square,0,2,-75.117578755858,39.9366240641568
Bergen Square,0,3,-75.1160407551755,39.9367200638894
Bergen Square,0,4,-75.1158457558429,39.9367320632893
Bergen Square,0,5,-75.1150807545972,39.9367830638903
Bergen Square,0,6,-75.1142847549648,39.9368360638394
Bergen Square,0,7,-75.1135457532121,39.9368750641068
Bergen Square,0,8,-75.1126567534028,39.9369210645893
Bergen Square,0,9,-75.1123297534384,39.9369510635836
Bergen Square,0,10,-75.1119667528541,39.9369850634914
Bergen Square,0,11,-75.1118737535464,39.9369940642468
Bergen Square,0,12,-75.111757753116,39.9370050633762
Bergen Square,0,13,-75.1117217529853,39.9368830646938
Bergen Square,0,14,-75.1114927542178,39.9361080634561
Bergen Square,0,15,-75.1113537537985,39.9355960640354
Bergen Square,0,16,-75.111291753021,39.9350980635242
Bergen Square,0,17,-75.1112777531058,39.9345890634867
Bergen Square,0,18,-75.1112957533056,39.9343660641709
Bergen Square,0,19,-75.1113127533226,39.9341600629366
Bergen Square,0,20,-75.1113737533423,39.9338600638365
Bergen Square,0,21,-75.1114157535122,39.9336550629342
Bergen Square,0,22,-75.1115687533517,39.9331840630397
Bergen Square,0,23,-75.1116337541636,39.9330520631701
Bergen Square,0,24,-75.1117257530013,39.9328680632594
Bergen Square,0,25,-75.1118297525333,39.9328600629178
Bergen Square,0,26,-75.1118107524336,39.9327070629445
Bergen Square,0,27,-75.1120607532675,39.9322740630658
Bergen Square,0,28,-75.1121607538048,39.9321290627935
Bergen Square,0,29,-75.1123997533324,39.9317830632254
Bergen Square,0,30,-75.1126627533226,39.9314960626469
Bergen Square,0,31,-75.1127787534517,39.9313850629145
Bergen Square,0,32,-75.1129167540175,39.93137906252
Bergen Square,0,33,-75.1129027528016,39.9312650632023
Bergen Square,0,34,-75.1131847533672,39.9309950627951
Bergen Square,0,35,-75.1132937532084,39.9308890624849
Bergen Square,0,36,-75.1140827537699,39.9301320624604
Bergen Square,0,37,-75.114928754385,39.9292270622818
Bergen Square,0,38,-75.1149977536757,39.9291340625989
Bergen Square,0,39,-75.1151017543611,39.9289940617896
Bergen Square,0,40,-75.1152437539617,39.9289810623055
Bergen Square,0,41,-75.1154037538207,39.9289660630046
Bergen Square,0,42,-75.1156297545568,39.9289450628961
Bergen Square,0,43,-75.1158057550997,39.9289280622677
Bergen Square,0,44,-75.1160627545884,39.9289150616267
Bergen Square,0,45,-75.1162877542554,39.928904062557
Bergen Square,0,46,-75.1163997546841,39.9288980620155
Bergen Square,0,47,-75.1166887544501,39.9288840621068
Bergen Square,0,48,-75.1177407550121,39.9288010620295
Bergen Square,0,49,-75.11955175572,39.9286810619921
Bergen Square,0,50,-75.1217367557925,39.9285540622661
Bergen Square,0,51,-75.1230457560451,39.9284640611782
Bergen Square,0,52,-75.1235397564969,39.9284270614399
Bergen Square,0,53,-75.1236177564994,39.9291010624676
Bergen Square,0,54,-75.1236987574713,39.929797062411
Bergen Square,0,55,-75.1237687562951,39.9305440629402
Bergen Square,0,56,-75.1238357570032,39.9312990624641
Bergen Square,0,57,-75.1239267570036,39.9320330623241
Bergen Square,0,58,-75.1240047576009,39.9327180621385
Bergen Square,0,59,-75.1241067571033,39.9334020625489
Bergen Square,0,60,-75.1242017568788,39.9340790623147
Bergen Square,0,61,-75.124244757598,39.9344110625128
Bergen Square,0,62,-75.124288757494,39.9347490632347
Bergen Square,0,63,-75.1243837573338,39.9354870633177
Bergen Square,0,64,-75.1244697572353,39.9361460626383
Bergen Square,0,65,-75.1234617571536,39.9362080628841
Bergen Square,0,66,-75.1226677570899,39.9362550640456
Bergen Square,0,67,-75.1218487573702,39.9363100633684
Bergen Square,0,68,-75.1209617560001,39.9363750641427
Bergen Square,0,69,-75.1194337558618,39.9364980631172
Whitman Park,0,0,-75.098622748023,39.9190360608563
Whitman Park,0,1,-75.0992707485213,39.9188490607902
Whitman Park,0,2,-75.1001467495946,39.9186030604234
Whitman Park,0,3,-75.1015737491441,39.9182020610458
Whitman Park,0,4,-75.1017367495257,39.9181640608252
Whitman Park,0,5,-75.1019837486791,39.9181570610412
Whitman Park,0,6,-75.1021977490418,39.9186540599868
Whitman Park,0,7,-75.1026857493515,39.9196020614006
Whitman Park,0,8,-75.1034487500184,39.9211540605567
Whitman Park,0,9,-75.103702749667,39.9216620612303
Whitman Park,0,10,-75.103966750194,39.9221520615884
Whitman Park,0,11,-75.1043807495904,39.9229490613594
Whitman Park,0,12,-75.1047047509786,39.9235950613998
Whitman Park,0,13,-75.1048407507187,39.9238810616346
Whitman Park,0,14,-75.1050327501767,39.9242850619362
Whitman Park,0,15,-75.1052527508437,39.9247240615425
Whitman Park,0,16,-75.105365751423,39.9249410622448
Whitman Park,0,17,-75.1055037511159,39.9252060618711
Whitman Park,0,18,-75.1057197509731,39.9256300620161
Whitman Park,0,19,-75.1058247511159,39.9258410620441
Whitman Park,0,20,-75.1060667505736,39.9263310622653
Whitman Park,0,21,-75.1061407510382,39.9264740616823
Whitman Park,0,22,-75.1063797515026,39.9269320619384
Whitman Park,0,23,-75.1067627515134,39.9276390622344
Whitman Park,0,24,-75.1068367523173,39.9277780629046
Whitman Park,0,25,-75.1070517506068,39.9282380625544
Whitman Park,0,26,-75.107399752387,39.9289200625775
Whitman Park,0,27,-75.1075337516976,39.9291940624293
Whitman Park,0,28,-75.1076867523148,39.9295580625575
Whitman Park,0,29,-75.1060877510369,39.9296980630725
Whitman Park,0,30,-75.1046707514557,39.929805063203
Whitman Park,0,31,-75.1033677499931,39.9298840630888
Whitman Park,0,32,-75.1033477502145,39.9298850633722
Whitman Park,0,33,-75.1028457501774,39.9299140627143
Whitman Park,0,34,-75.1019747496605,39.9299950630782
Whitman Park,0,35,-75.101335750789,39.9300550634403
Whitman Park,0,36,-75.1010177493169,39.9300760631768
Whitman Park,0,37,-75.1004667498904,39.9301130631399
Whitman Park,0,38,-75.1002777497235,39.9301380637883
Whitman Park,0,39,-75.1000877493496,39.9302260633169
Whitman Park,0,40,-75.0991237496747,39.9295260628749
Whitman Park,0,41,-75.0982687491058,39.9289050626614
Whitman Park,0,42,-75.0980337484645,39.9287340632713
Whitman Park,0,43,-75.097566748899,39.9283960629458
Whitman Park,0,44,-75.0954017480458,39.9268290627976
Whitman Park,0,45,-75.0953487486859,39.9267910627503
Whitman Park,0,46,-75.0953017481876,39.9267570625693
Whitman Park,0,47,-75.0938997476518,39.9257500629252
Whitman Park,0,48,-75.0922917467233,39.9245930624245
Whitman Park,0,49,-75.0919047461492,39.9243190618814
Whitman Park,0,50,-75.0912207457264,39.923835062052
Whitman Park,0,51,-75.0910267462456,39.9237450619039
Whitman Park,0,52,-75.0908597463323,39.9236840628296
Whitman Park,0,53,-75.0904167452654,39.923523062403
Whitman Park,0,54,-75.0896897455952,39.9232810617403
Whitman Park,0,55,-75.0884157451171,39.9228280618742
Whitman Park,0,56,-75.0880657447584,39.9227040618292
Whitman Park,0,57,-75.0883617456766,39.9225790615694
Whitman Park,0,58,-75.0884877447789,39.9225260618619
Whitman Park,0,59,-75.0899077459542,39.9218410618197
Whitman Park,0,60,-75.089930744935,39.9218300623851
Whitman Park,0,61,-75.0902407465137,39.9216620616749
Whitman Park,0,62,-75.0907977459974,39.9213600618923
Whitman Park,0,63,-75.0911937466824,39.9211700609287
Whitman Park,0,64,-75.0912567459502,39.9211400620816
Whitman Park,0,65,-75.0913547452985,39.921092061379
Whitman Park,0,66,-75.0914027465017,39.921068062036
Whitman Park,0,67,-75.0918327459205,39.9209490616891
Whitman Park,0,68,-75.0929967466339,39.9206260615685
Whitman Park,0,69,-75.093477747003,39.9204910615169
Whitman Park,0,70,-75.0938757473498,39.9203790609975
Whitman Park,0,71,-75.0947807478212,39.9201230609806
Whitman Park,0,72,-75.0957047467207,39.9198590615434
Whitman Park,0,73,-75.0965387486731,39.9196240614101
Whitman Park,0,74,-75.0974557478531,39.9193710610379
Whitman Park,0,75,-75.097677748131,39.9193090611172
Whitman Park,0,76,-75.0983877482337,39.9191040608729
Whitman Park,0,77,-75.098622748023,39.9190360608563
Morgan Village,0,0,-75.0996587490102,39.913024059465
Morgan Village,0,1,-75.0996477478282,39.9129990593682
Morgan Village,0,2,-75.1000047483324,39.9128000596963
Morgan Village,0,3,-75.1003967487799,39.912603060141
Morgan Village,0,4,-75.1004377482988,39.9125740591996
Morgan Village,0,5,-75.1006787482925,39.9124070596725
Morgan Village,0,6,-75.1006907486849,39.912383059207
Morgan Village,0,7,-75.1007177485676,39.9123800595681
Morgan Village,0,8,-75.1007637487973,39.9123480593448
Morgan Village,0,9,-75.1008477493241,39.9122320596873
Morgan Village,0,10,-75.1009097477057,39.9121890598432
Morgan Village,0,11,-75.100896749057,39.9121630596109
Morgan Village,0,12,-75.1009197483964,39.9121320594128
Morgan Village,0,13,-75.1009727479656,39.91187405956
Morgan Village,0,14,-75.1011187495082,39.9116190588602
Morgan Village,0,15,-75.101393748634,39.9113750595887
Morgan Village,0,16,-75.1016267490267,39.9111250599312
Morgan Village,0,17,-75.1016447486822,39.9108670593735
Morgan Village,0,18,-75.1015917487396,39.9105700596071
Morgan Village,0,19,-75.1014537492465,39.9103020596814
Morgan Village,0,20,-75.1014357479944,39.9099550588137
Morgan Village,0,21,-75.1014677490943,39.9096690589313
Morgan Village,0,22,-75.1016787482099,39.9095070587261
Morgan Village,0,23,-75.1019497493099,39.9094730589888
Morgan Village,0,24,-75.1022707490647,39.9095200587845
Morgan Village,0,25,-75.1025567494975,39.9096050587956
Morgan Village,0,26,-75.1029137492967,39.9096190593807
Morgan Village,0,27,-75.1030697500181,39.9096360589222
Morgan Village,0,28,-75.1030577490058,39.9097170596115
Morgan Village,0,29,-75.1074067506929,39.9101470593023
Morgan Village,0,30,-75.1077647510055,39.9099600586373
Morgan Village,0,31,-75.1081617515159,39.9097520584226
Morgan Village,0,32,-75.1083277510815,39.9097770589452
Morgan Village,0,33,-75.1086677510698,39.909244059122
Morgan Village,0,34,-75.1088367515013,39.9089820581895
Morgan Village,0,35,-75.1098907510742,39.9076090580221
Morgan Village,0,36,-75.1128297518789,39.9069610584567
Morgan Village,0,37,-75.11381075251,39.9067940582383
Morgan Village,0,38,-75.1139507524857,39.9067940583935
Morgan Village,0,39,-75.1141447532102,39.9067370579526
Morgan Village,0,40,-75.1141567519747,39.9067830578925
Morgan Village,0,41,-75.1138327523979,39.9068580574116
Morgan Village,0,42,-75.1138417522343,39.9068850582552
Morgan Village,0,43,-75.1144877528891,39.9087460579693
Morgan Village,0,44,-75.1146577529726,39.9091740585922
Morgan Village,0,45,-75.115091753245,39.9101070588181
Morgan Village,0,46,-75.1153077533538,39.9105930590836
Morgan Village,0,47,-75.1155647538408,39.9112740585564
Morgan Village,0,48,-75.1156807528766,39.9118150586406
Morgan Village,0,49,-75.1157387528481,39.9121500587847
Morgan Village,0,50,-75.1157807535594,39.9123980591629
Morgan Village,0,51,-75.1158147527399,39.9126290586895
Morgan Village,0,52,-75.1159747532811,39.9126310587276
Morgan Village,0,53,-75.1160757542215,39.9126320587791
Morgan Village,0,54,-75.1162427532535,39.9126330593016
Morgan Village,0,55,-75.1169597535212,39.912643059133
Morgan Village,0,56,-75.1172057538147,39.912647058824
Morgan Village,0,57,-75.1174357535577,39.9126500587315
Morgan Village,0,58,-75.1175857535852,39.9126520584545
Morgan Village,0,59,-75.117473753934,39.9140590590344
Morgan Village,0,60,-75.1174677536362,39.9141360588145
Morgan Village,0,61,-75.1173757538993,39.915336060252
Morgan Village,0,62,-75.1172927542319,39.9167250597816
Morgan Village,0,63,-75.1172567543546,39.91732006026
Morgan Village,0,64,-75.1172107542207,39.9181720595624
Morgan Village,0,65,-75.1172017546316,39.9182660599965
Morgan Village,0,66,-75.1171677540456,39.9186050605763
Morgan Village,0,67,-75.1171227539793,39.9182660598433
Morgan Village,0,68,-75.1170777540868,39.9180930596859
Morgan Village,0,69,-75.1170137546416,39.9179310601427
Morgan Village,0,70,-75.116921754114,39.917775060575
Morgan Village,0,71,-75.1168147536189,39.9176300600737
Morgan Village,0,72,-75.1166737542135,39.9174750604227
Morgan Village,0,73,-75.1165767544566,39.917403060692
Morgan Village,0,74,-75.1164267536459,39.9172930596153
Morgan Village,0,75,-75.1163227538046,39.9172500593318
Morgan Village,0,76,-75.1161667535176,39.9171860604309
Morgan Village,0,77,-75.1158637542925,39.9170800600577
Morgan Village,0,78,-75.1156047537962,39.9170160597768
Morgan Village,0,79,-75.115456754285,39.916990059987
Morgan Village,0,80,-75.1153447531779,39.9169790595165
Morgan Village,0,81,-75.1148497537657,39.9169720602805
Morgan Village,0,82,-75.1145417531437,39.9169670601885
Morgan Village,0,83,-75.1145067534404,39.916970060407
Morgan Village,0,84,-75.1144767537745,39.9169660598911
Morgan Village,0,85,-75.1140647529992,39.9169590596907
Morgan Village,0,86,-75.1135987527104,39.9169520600635
Morgan Village,0,87,-75.1127207526972,39.9169390596782
Morgan Village,0,88,-75.1122887521433,39.916932060668
Morgan Village,0,89,-75.1105037514673,39.9169050602052
Morgan Village,0,90,-75.1095687507864,39.9168910606325
Morgan Village,0,91,-75.1087127513537,39.9168780592493
Morgan Village,0,92,-75.108687752343,39.9168770609852
Morgan Village,0,93,-75.1077257507516,39.9168620596878
Morgan Village,0,94,-75.1054877503957,39.9168280599349
Morgan Village,0,95,-75.1046597499104,39.9167860604662
Morgan Village,0,96,-75.1038467499257,39.9166910600077
Morgan Village,0,97,-75.1034547497379,39.916615060142
Morgan Village,0,98,-75.1028697491759,39.9164790598752
Morgan Village,0,99,-75.1010047497038,39.9158710602283
Morgan Village,0,100,-75.1009497482528,39.9157520600783
Morgan Village,0,101,-75.1000697486996,39.9139560592227
Morgan Village,0,102,-75.0999467489903,39.9137070598779
Morgan Village,0,103,-75.0998467489077,39.9134700596324
Morgan Village,0,104,-75.0998037485085,39.91336805904
Morgan Village,0,105,-75.0997627475522,39.9132710596653
Morgan Village,0,106,-75.0996907478574,39.9130990595402
Morgan Village,0,107,-75.0996757481704,39.9130620591844
Morgan Village,0,108,-75.0996587490102,39.913024059465
Centerville,0,0,-75.1165767544566,39.917403060692
Centerville,0,1,-75.1166737542135,39.9174750604227
Centerville,0,2,-75.1168147536189,39.9176300600737
Centerville,0,3,-75.116921754114,39.917775060575
Centerville,0,4,-75.1170137546416,39.9179310601427
Centerville,0,5,-75.1170777540868,39.9180930596859
Centerville,0,6,-75.1171227539793,39.9182660598433
Centerville,0,7,-75.1171677540456,39.9186050605763
Centerville,0,8,-75.1170627535799,39.9194410599354
Centerville,0,9,-75.1170547543715,39.9195060610517
Centerville,0,10,-75.1169897539414,39.9201210600135
Centerville,0,11,-75.1169437541471,39.9207190613035
Centerville,0,12,-75.1168867543147,39.9214650604601
Centerville,0,13,-75.1167327544241,39.9234600607741
Centerville,0,14,-75.1163167541985,39.9234570611896
Centerville,0,15,-75.1161647535739,39.9234550606064
Centerville,0,16,-75.1160577549187,39.9234550608039
Centerville,0,17,-75.1156097540442,39.9234510604772
Centerville,0,18,-75.1149837539681,39.9234480611865
Centerville,0,19,-75.1140907536481,39.9234470619668
Centerville,0,20,-75.1132087535056,39.9234430613704
Centerville,0,21,-75.1123827528982,39.9234360606845
Centerville,0,22,-75.110645751957,39.9234230612881
Centerville,0,23,-75.1096697524207,39.9234200610943
Centerville,0,24,-75.1088447517387,39.9233960614107
Centerville,0,25,-75.1079427522971,39.9234020615298
Centerville,0,26,-75.1070517503236,39.9233970614983
Centerville,0,27,-75.1069037509225,39.9233950611507
Centerville,0,28,-75.1066517506097,39.9233920609716
Centerville,0,29,-75.1063847517322,39.9234130607226
Centerville,0,30,-75.106153751681,39.9234850618997
Centerville,0,31,-75.105558750839,39.9236660607978
Centerville,0,32,-75.1048407507187,39.9238810616346
Centerville,0,33,-75.1047047509786,39.9235950613998
Centerville,0,34,-75.1043807495904,39.9229490613594
Centerville,0,35,-75.103966750194,39.9221520615884
Centerville,0,36,-75.103702749667,39.9216620612303
Centerville,0,37,-75.1034487500184,39.9211540605567
Centerville,0,38,-75.1026857493515,39.9196020614006
Centerville,0,39,-75.1021977490418,39.9186540599868
Centerville,0,40,-75.1019837486791,39.9181570610412
Centerville,0,41,-75.1019697493907,39.9179330603848
Centerville,0,42,-75.1017297487242,39.9174220609692
Centerville,0,43,-75.1015177484066,39.9169700602538
Centerville,0,44,-75.1010517486949,39.9159720605211
Centerville,0,45,-75.1010047497038,39.9158710602283
Centerville,0,46,-75.1028697491759,39.9164790598752
Centerville,0,47,-75.1034547497379,39.916615060142
Centerville,0,48,-75.1038467499257,39.9166910600077
Centerville,0,49,-75.1046597499104,39.9167860604662
Centerville,0,50,-75.1054877503957,39.9168280599349
Centerville,0,51,-75.1077257507516,39.9168620596878
Centerville,0,52,-75.108687752343,39.9168770609852
Centerville,0,53,-75.1087127513537,39.9168780592493
Centerville,0,54,-75.1095687507864,39.9168910606325
Centerville,0,55,-75.1105037514673,39.9169050602052
Centerville,0,56,-75.1122887521433,39.916932060668
Centerville,0,57,-75.1127207526972,39.9169390596782
Centerville,0,58,-75.1135987527104,39.9169520600635
Centerville,0,59,-75.1140647529992,39.9169590596907
Centerville,0,60,-75.1144767537745,39.9169660598911
Centerville,0,61,-75.1145067534404,39.916970060407
Centerville,0,62,-75.1145417531437,39.9169670601885
Centerville,0,63,-75.1148497537657,39.9169720602805
Centerville,0,64,-75.1153447531779,39.9169790595165
Centerville,0,65,-75.115456754285,39.916990059987
Centerville,0,66,-75.1156047537962,39.9170160597768
Centerville,0,67,-75.1158637542925,39.9170800600577
Centerville,0,68,-75.1161667535176,39.9171860604309
Centerville,0,69,-75.1163227538046,39.9172500593318
Centerville,0,70,-75.1164267536459,39.9172930596153
Centerville,0,71,-75.1165767544566,39.917403060692
Fairview,0,0,-75.0971467463592,39.908012058835
Fairview,0,1,-75.0965287472981,39.9078200589942
Fairview,0,2,-75.097212747042,39.9076280590672
Fairview,0,3,-75.0973177476473,39.9075990583402
Fairview,0,4,-75.0972627462421,39.9074630588353
Fairview,0,5,-75.0969747470191,39.9068010583011
Fairview,0,6,-75.0969367474736,39.9067050583566
Fairview,0,7,-75.0969007465632,39.9066180588725
Fairview,0,8,-75.0968347468988,39.9064220587104
Fairview,0,9,-75.0965867473647,39.9058290586206
Fairview,0,10,-75.0962687465057,39.9051010582605
Fairview,0,11,-75.0962117466503,39.9049570583961
Fairview,0,12,-75.0961787464071,39.9048630581757
Fairview,0,13,-75.0960857468146,39.9046000578349
Fairview,0,14,-75.095999746117,39.904224058096
Fairview,0,15,-75.0959697468684,39.9041360582637
Fairview,0,16,-75.0959617460276,39.9040940584456
Fairview,0,17,-75.0959317470513,39.9039990582322
Fairview,0,18,-75.0958787463282,39.9037840584667
Fairview,0,19,-75.0958657460593,39.9037300579628
Fairview,0,20,-75.0959827468143,39.9036800578209
Fairview,0,21,-75.0956477465667,39.9029400579039
Fairview,0,22,-75.0954177460293,39.9024310578671
Fairview,0,23,-75.095235745457,39.9022000576562
Fairview,0,24,-75.0948747460563,39.9017420581404
Fairview,0,25,-75.0947607459331,39.9014910582666
Fairview,0,26,-75.0949187469901,39.9014800571008
Fairview,0,27,-75.0958217459804,39.9014180571475
Fairview,0,28,-75.0959847461944,39.9014070576676
Fairview,0,29,-75.0962347459799,39.9010930572118
Fairview,0,30,-75.0962967461668,39.9010150579031
Fairview,0,31,-75.0970727462514,39.9003420567783
Fairview,0,32,-75.0976777467321,39.8998170567633
Fairview,0,33,-75.0983327472987,39.8995680572195
Fairview,0,34,-75.0998397467272,39.8989950568447
Fairview,0,35,-75.1000017476356,39.8989970569457
Fairview,0,36,-75.100099747497,39.8989980567653
Fairview,0,37,-75.1001967480407,39.8990000569665
Fairview,0,38,-75.1003307475845,39.8987130569439
Fairview,0,39,-75.1003387476794,39.8986720563215
Fairview,0,40,-75.1007297478735,39.8986740568505
Fairview,0,41,-75.1007937479839,39.8987230566759
Fairview,0,42,-75.1010207484654,39.8986720563701
Fairview,0,43,-75.1010357475838,39.8989760561995
Fairview,0,44,-75.1010377485551,39.8990250565431
Fairview,0,45,-75.1022877490731,39.8993370567
Fairview,0,46,-75.104061749051,39.8999550564574
Fairview,0,47,-75.1060107494602,39.900219057058
Fairview,0,48,-75.1071147501612,39.9002070568409
Fairview,0,49,-75.1082207507081,39.9001940565458
Fairview,0,50,-75.1084637498227,39.9001290561131
Fairview,0,51,-75.1091317503566,39.899746056643
Fairview,0,52,-75.1095797510729,39.8993950567944
Fairview,0,53,-75.1096787508349,39.8993570566397
Fairview,0,54,-75.1097497501102,39.8993060567681
Fairview,0,55,-75.1098777508086,39.8993030571258
Fairview,0,56,-75.1101447511695,39.899296056498
Fairview,0,57,-75.1107697514654,39.8992790566602
Fairview,0,58,-75.1112247514415,39.8992510565304
Fairview,0,59,-75.1119697515459,39.899218056864
Fairview,0,60,-75.112628751467,39.899150057259
Fairview,0,61,-75.1130317512932,39.8993030571256
Fairview,0,62,-75.1133937520413,39.8994410566453
Fairview,0,63,-75.1137177517432,39.9008210567825
Fairview,0,64,-75.115007752824,39.9014780568317
Fairview,0,65,-75.1166747529018,39.9020840563832
Fairview,0,66,-75.1162997532496,39.9025140566828
Fairview,0,67,-75.1161717530903,39.9026600574916
Fairview,0,68,-75.1161137536257,39.9028410564834
Fairview,0,69,-75.1160197532792,39.9029460569286
Fairview,0,70,-75.1156437529418,39.903365057234
Fairview,0,71,-75.1148837529369,39.9036030567705
Fairview,0,72,-75.1144127522862,39.903353057338
Fairview,0,73,-75.1141147523385,39.9032960568826
Fairview,0,74,-75.1138377525678,39.9034390574643
Fairview,0,75,-75.1137067521464,39.9039070575421
Fairview,0,76,-75.1136727523958,39.9039440578351
Fairview,0,77,-75.1134347514876,39.9042040567091
Fairview,0,78,-75.113744751849,39.90544605805
Fairview,0,79,-75.11400475237,39.9063250581771
Fairview,0,80,-75.1140917519866,39.9066310578219
Fairview,0,81,-75.1141137518606,39.9067010575094
Fairview,0,82,-75.1141447532102,39.9067370579526
Fairview,0,83,-75.1139507524857,39.9067940583935
Fairview,0,84,-75.11381075251,39.9067940582383
Fairview,0,85,-75.1128297518789,39.9069610584567
Fairview,0,86,-75.1098907510742,39.9076090580221
Fairview,0,87,-75.1088367515013,39.9089820581895
Fairview,0,88,-75.1086677510698,39.909244059122
Fairview,0,89,-75.1083277510815,39.9097770589452
Fairview,0,90,-75.1081617515159,39.9097520584226
Fairview,0,91,-75.1077647510055,39.9099600586373
Fairview,0,92,-75.1074067506929,39.9101470593023
Fairview,0,93,-75.1030577490058,39.9097170596115
Fairview,0,94,-75.1030697500181,39.9096360589222
Fairview,0,95,-75.1029137492967,39.9096190593807
Fairview,0,96,-75.1025567494975,39.9096050587956
Fairview,0,97,-75.1022707490647,39.9095200587845
Fairview,0,98,-75.1019497493099,39.9094730589888
Fairview,0,99,-75.1016787482099,39.9095070587261
Fairview,0,100,-75.1014677490943,39.9096690589313
Fairview,0,101,-75.1014357479944,39.9099550588137
Fairview,0,102,-75.1014537492465,39.9103020596814
Fairview,0,103,-75.1015917487396,39.9105700596071
Fairview,0,104,-75.1016447486822,39.9108670593735
Fairview,0,105,-75.1016267490267,39.9111250599312
Fairview,0,106,-75.101393748634,39.9113750595887
Fairview,0,107,-75.1011187495082,39.9116190588602
Fairview,0,108,-75.1009727479656,39.91187405956
Fairview,0,109,-75.1009197483964,39.9121320594128
Fairview,0,110,-75.100896749057,39.9121630596109
Fairview,0,111,-75.1009097477057,39.9121890598432
Fairview,0,112,-75.1008477493241,39.9122320596873
Fairview,0,113,-75.1007637487973,39.9123480593448
Fairview,0,114,-75.1007177485676,39.9123800595681
Fairview,0,115,-75.1006907486849,39.912383059207
Fairview,0,116,-75.1006787482925,39.9124070596725
Fairview,0,117,-75.1004377482988,39.9125740591996
Fairview,0,118,-75.1003967487799,39.912603060141
Fairview,0,119,-75.1000047483324,39.9128000596963
Fairview,0,120,-75.0996477478282,39.9129990593682
Fairview,0,121,-75.0996587490102,39.913024059465
Fairview,0,122,-75.0996757481704,39.9130620591844
Fairview,0,123,-75.0996907478574,39.9130990595402
Fairview,0,124,-75.0997627475522,39.9132710596653
Fairview,0,125,-75.0998037485085,39.91336805904
Fairview,0,126,-75.0997137491032,39.9133920593154
Fairview,0,127,-75.0995077477975,39.9134480591364
Fairview,0,128,-75.0986947478508,39.9136690598102
Fairview,0,129,-75.0977057484435,39.913762059919
Fairview,0,130,-75.0965997470176,39.9137650597315
Fairview,0,131,-75.0963667465366,39.9137430594727
Fairview,0,132,-75.0963107468608,39.9137380602687
Fairview,0,133,-75.0962627477976,39.9137330604301
Fairview,0,134,-75.0961507468889,39.9137270601757
Fairview,0,135,-75.0960167471613,39.9136100597989
Fairview,0,136,-75.0958067471627,39.9134050599316
Fairview,0,137,-75.0950917470077,39.9126420599969
Fairview,0,138,-75.0947937469254,39.9123240593529
Fairview,0,139,-75.0936197466247,39.9110250595766
Fairview,0,140,-75.0935477461671,39.9109430595203
Fairview,0,141,-75.0934867466095,39.9108750587787
Fairview,0,142,-75.0934737460956,39.9108590592548
Fairview,0,143,-75.0934097459955,39.9107870593394
Fairview,0,144,-75.093402745847,39.910766059854
Fairview,0,145,-75.0933857456953,39.9107590591186
Fairview,0,146,-75.0929047456727,39.9102140592204
Fairview,0,147,-75.0922937459696,39.9096570590755
Fairview,0,148,-75.0924887459148,39.909589058669
Fairview,0,149,-75.0940147468177,39.9090560596932
Fairview,0,150,-75.0941887465579,39.9089980592635
Fairview,0,151,-75.0971467463592,39.908012058835
Pyne Poynt,0,0,-75.1209727581266,39.9501670666987
Pyne Poynt,0,1,-75.1209127579584,39.9503060656544
Pyne Poynt,0,2,-75.1208817569351,39.9503380663295
Pyne Poynt,0,3,-75.1208847568886,39.9503730662064
Pyne Poynt,0,4,-75.1208877570317,39.9504220657939
Pyne Poynt,0,5,-75.1208047576379,39.9507100668642
Pyne Poynt,0,6,-75.1207047565736,39.951059066596
Pyne Poynt,0,7,-75.1206797572277,39.9512080668221
Pyne Poynt,0,8,-75.1206587572459,39.9513880669241
Pyne Poynt,0,9,-75.1205837578604,39.9517390664377
Pyne Poynt,0,10,-75.1204037569129,39.9522430664158
Pyne Poynt,0,11,-75.1202797568448,39.9526220670163
Pyne Poynt,0,12,-75.1201317569961,39.9530730669483
Pyne Poynt,0,13,-75.119948757434,39.9535960672847
Pyne Poynt,0,14,-75.1197717574753,39.9541030674666
Pyne Poynt,0,15,-75.119616757191,39.9546020667622
Pyne Poynt,0,16,-75.1194527569643,39.9551280675853
Pyne Poynt,0,17,-75.1193047567029,39.9556550671132
Pyne Poynt,0,18,-75.1192107572694,39.9559930680177
Pyne Poynt,0,19,-75.1192247571118,39.956076068209
Pyne Poynt,0,20,-75.119244756777,39.9561070673179
Pyne Poynt,0,21,-75.1190087567128,39.9569210677125
Pyne Poynt,0,22,-75.1188987575697,39.9570320673529
Pyne Poynt,0,23,-75.1182457570492,39.958469068126
Pyne Poynt,0,24,-75.1173207565284,39.9600200678703
Pyne Poynt,0,25,-75.113565588363,39.9592098951732
Pyne Poynt,0,26,-75.1101277543596,39.9584670681918
Pyne Poynt,0,27,-75.1093237538502,39.9582940683151
Pyne Poynt,0,28,-75.1085207539192,39.9581200686181
Pyne Poynt,0,29,-75.1085940223802,39.9579400225321
Pyne Poynt,0,30,-75.1105097534868,39.9532320671974
Pyne Poynt,0,31,-75.1105257539493,39.9531960671879
Pyne Poynt,0,32,-75.110618755153,39.9528440669133
Pyne Poynt,0,33,-75.1105897537997,39.9523270670926
Pyne Poynt,0,34,-75.1104217543596,39.9517950674103
Pyne Poynt,0,35,-75.110092754842,39.9513260664183
Pyne Poynt,0,36,-75.1102107547586,39.9511390671309
Pyne Poynt,0,37,-75.1102477545093,39.9507130668258
Pyne Poynt,0,38,-75.1101817540208,39.9504400671251
Pyne Poynt,0,39,-75.1101157532028,39.9501590663779
Pyne Poynt,0,40,-75.110029754177,39.9497990660512
Pyne Poynt,0,41,-75.1096197542994,39.948975067241
Pyne Poynt,0,42,-75.1093647535527,39.9488130660748
Pyne Poynt,0,43,-75.1093157535645,39.9485010666872
Pyne Poynt,0,44,-75.1087077540328,39.9477060665198
Pyne Poynt,0,45,-75.1082327527725,39.9470200663389
Pyne Poynt,0,46,-75.1079797533983,39.9465820660681
Pyne Poynt,0,47,-75.1075317533255,39.9461080662719
Pyne Poynt,0,48,-75.1069527532489,39.9457340664386
Pyne Poynt,0,49,-75.106765752325,39.9456080659534
Pyne Poynt,0,50,-75.1067487529857,39.9455960655967
Pyne Poynt,0,51,-75.106589752155,39.9455350657096
Pyne Poynt,0,52,-75.106250753202,39.9454650658654
Pyne Poynt,0,53,-75.1053387518228,39.9455760664687
Pyne Poynt,0,54,-75.1048227516709,39.9455470653834
Pyne Poynt,0,55,-75.1044807518595,39.9453890667646
Pyne Poynt,0,56,-75.1043027517648,39.9452050663908
Pyne Poynt,0,57,-75.1042657517865,39.9451450657104
Pyne Poynt,0,58,-75.1042647511124,39.9450830660634
Pyne Poynt,0,59,-75.104262752245,39.944938065804
Pyne Poynt,0,60,-75.10425975176,39.9446850657416
Pyne Poynt,0,61,-75.104334751689,39.9444040658544
Pyne Poynt,0,62,-75.1044357523687,39.9441050656721
Pyne Poynt,0,63,-75.1044737522725,39.9439880652853
Pyne Poynt,0,64,-75.1045287518327,39.9439810655201
Pyne Poynt,0,65,-75.1050587519259,39.9439720650881
Pyne Poynt,0,66,-75.1054617521033,39.9439690649554
Pyne Poynt,0,67,-75.1058827516262,39.9439800654684
Pyne Poynt,0,68,-75.1067297523086,39.9439890655091
Pyne Poynt,0,69,-75.10690275282,39.9439910657005
Pyne Poynt,0,70,-75.1069807527801,39.9439920651675
Pyne Poynt,0,71,-75.107053751864,39.9439920657595
Pyne Poynt,0,72,-75.1071217530388,39.9439920654569
Pyne Poynt,0,73,-75.1072767529857,39.9439930658908
Pyne Poynt,0,74,-75.1077317535182,39.9439960652235
Pyne Poynt,0,75,-75.108496752202,39.9440000662081
Pyne Poynt,0,76,-75.1086557527367,39.9440040656821
Pyne Poynt,0,77,-75.1093677538737,39.9440190656941
Pyne Poynt,0,78,-75.1095017530961,39.944021066136
Pyne Poynt,0,79,-75.1097497535995,39.9440260652378
Pyne Poynt,0,80,-75.1103157534282,39.9439820660178
Pyne Poynt,0,81,-75.1110147538171,39.9440070654862
Pyne Poynt,0,82,-75.1116737540284,39.9440010657958
Pyne Poynt,0,83,-75.1120437551253,39.9440200653958
Pyne Poynt,0,84,-75.1128357543962,39.9440500653225
Pyne Poynt,0,85,-75.1131837549733,39.9440480649399
Pyne Poynt,0,86,-75.1134387541409,39.9440490650172
Pyne Poynt,0,87,-75.1135967546568,39.9440500654427
Pyne Poynt,0,88,-75.1136307542745,39.9442370655721
Pyne Poynt,0,89,-75.1136577546417,39.9443840652893
Pyne Poynt,0,90,-75.1136677546649,39.9444400653193
Pyne Poynt,0,91,-75.1136867545685,39.9445430653744
Pyne Poynt,0,92,-75.1137297548339,39.9447820662173
Pyne Poynt,0,93,-75.1137947553206,39.9451340661652
Pyne Poynt,0,94,-75.1138437548841,39.9455550658577
Pyne Poynt,0,95,-75.1138537549334,39.9456200657483
Pyne Poynt,0,96,-75.113871754768,39.9456930657132
Pyne Poynt,0,97,-75.1141287554536,39.9457270655612
Pyne Poynt,0,98,-75.1145577559512,39.9457950656061
Pyne Poynt,0,99,-75.1147067554957,39.9458190649995
Pyne Poynt,0,100,-75.1156277557663,39.9459480657507
Pyne Poynt,0,101,-75.1160267548305,39.9460150649492
Pyne Poynt,0,102,-75.1161097560234,39.9460290658576
Pyne Poynt,0,103,-75.1162337562294,39.9460490663845
Pyne Poynt,0,104,-75.1164057558304,39.9460780654691
Pyne Poynt,0,105,-75.1165897555297,39.9461090658031
Pyne Poynt,0,106,-75.1165547558173,39.9462410662407
Pyne Poynt,0,107,-75.1164337554065,39.9466970650295
Pyne Poynt,0,108,-75.1163867563589,39.9468750653737
Pyne Poynt,0,109,-75.1163387550015,39.947075065439
Pyne Poynt,0,110,-75.1163277556546,39.9471600661901
Pyne Poynt,0,111,-75.1163187550528,39.9472390665977
Pyne Poynt,0,112,-75.1164127554912,39.9472840652584
Pyne Poynt,0,113,-75.1164917553587,39.9473210651512
Pyne Poynt,0,114,-75.116912755678,39.9475210654638
Pyne Poynt,0,115,-75.1173767556348,39.9477410660821
Pyne Poynt,0,116,-75.1179507566661,39.9480110659635
Pyne Poynt,0,117,-75.1180117555615,39.9480590665443
Pyne Poynt,0,118,-75.1183187563408,39.9483110665085
Pyne Poynt,0,119,-75.118499756329,39.948464066387
Pyne Poynt,0,120,-75.1185637565584,39.9484890663711
Pyne Poynt,0,121,-75.1186227566183,39.948513066193
Pyne Poynt,0,122,-75.1190477561608,39.948781066074
Pyne Poynt,0,123,-75.1192197568087,39.9488980664984
Pyne Poynt,0,124,-75.1193407568856,39.9489820660527
Pyne Poynt,0,125,-75.1195317569002,39.9491470659551
Pyne Poynt,0,126,-75.1199677567653,39.9494770660611
Pyne Poynt,0,127,-75.1205487567501,39.9499180663782
Pyne Poynt,0,128,-75.1209727581266,39.9501670666987
Gateway,0,0,-75.1004917493474,39.9305200627849
Gateway,0,1,-75.1002967497749,39.9303780628677
Gateway,0,2,-75.1000877493496,39.9302260633169
Gateway,0,3,-75.1002777497235,39.9301380637883
Gateway,0,4,-75.1004667498904,39.9301130631399
Gateway,0,5,-75.1010177493169,39.9300760631768
Gateway,0,6,-75.101335750789,39.9300550634403
Gateway,0,7,-75.1019747496605,39.9299950630782
Gateway,0,8,-75.1028457501774,39.9299140627143
Gateway,0,9,-75.1033477502145,39.9298850633722
Gateway,0,10,-75.1033677499931,39.9298840630888
Gateway,0,11,-75.1046707514557,39.929805063203
Gateway,0,12,-75.1060877510369,39.9296980630725
Gateway,0,13,-75.1076867523148,39.9295580625575
Gateway,0,14,-75.1096497517084,39.9294050623027
Gateway,0,15,-75.1104177523225,39.9293460628234
Gateway,0,16,-75.1113937533387,39.9292850618288
Gateway,0,17,-75.111916753189,39.9292520623172
Gateway,0,18,-75.1126407540066,39.9291860620177
Gateway,0,19,-75.1131397528785,39.9291490621484
Gateway,0,20,-75.1131747541624,39.9291460623261
Gateway,0,21,-75.1137947534952,39.9291010626553
Gateway,0,22,-75.1140207539026,39.9290830623522
Gateway,0,23,-75.1148877549506,39.9290140622852
Gateway,0,24,-75.1150537536481,39.9289980624876
Gateway,0,25,-75.1151017543611,39.9289940617896
Gateway,0,26,-75.1149977536757,39.9291340625989
Gateway,0,27,-75.114928754385,39.9292270622818
Gateway,0,28,-75.1140827537699,39.9301320624604
Gateway,0,29,-75.1132937532084,39.9308890624849
Gateway,0,30,-75.1131847533672,39.9309950627951
Gateway,0,31,-75.1129027528016,39.9312650632023
Gateway,0,32,-75.1129167540175,39.93137906252
Gateway,0,33,-75.1127787534517,39.9313850629145
Gateway,0,34,-75.1126627533226,39.9314960626469
Gateway,0,35,-75.1123997533324,39.9317830632254
Gateway,0,36,-75.1121607538048,39.9321290627935
Gateway,0,37,-75.1120607532675,39.9322740630658
Gateway,0,38,-75.1118107524336,39.9327070629445
Gateway,0,39,-75.1118297525333,39.9328600629178
Gateway,0,40,-75.1117257530013,39.9328680632594
Gateway,0,41,-75.1116337541636,39.9330520631701
Gateway,0,42,-75.1115687533517,39.9331840630397
Gateway,0,43,-75.1114157535122,39.9336550629342
Gateway,0,44,-75.1113737533423,39.9338600638365
Gateway,0,45,-75.1113127533226,39.9341600629366
Gateway,0,46,-75.1112957533056,39.9343660641709
Gateway,0,47,-75.1112777531058,39.9345890634867
Gateway,0,48,-75.111291753021,39.9350980635242
Gateway,0,49,-75.1113537537985,39.9355960640354
Gateway,0,50,-75.1114927542178,39.9361080634561
Gateway,0,51,-75.1117217529853,39.9368830646938
Gateway,0,52,-75.111757753116,39.9370050633762
Gateway,0,53,-75.1118157529633,39.937202063434
Gateway,0,54,-75.1118857541078,39.9374080639703
Gateway,0,55,-75.1119627540667,39.9376370640923
Gateway,0,56,-75.1121737544336,39.9382430643035
Gateway,0,57,-75.1122287540793,39.9384270646811
Gateway,0,58,-75.1124407543154,39.9391580641384
Gateway,0,59,-75.112518753407,39.9394250640128
Gateway,0,60,-75.1126077539752,39.9397330645738
Gateway,0,61,-75.1126837542384,39.939993064641
Gateway,0,62,-75.1127307533769,39.9401550648153
Gateway,0,63,-75.1130787537294,39.9412560646185
Gateway,0,64,-75.1132587539872,39.9420010645026
Gateway,0,65,-75.113271754998,39.9420700648774
Gateway,0,66,-75.1133007549006,39.9422300658153
Gateway,0,67,-75.1133617540023,39.9426210646583
Gateway,0,68,-75.1133687543066,39.9426690651847
Gateway,0,69,-75.1133767538773,39.942728065297
Gateway,0,70,-75.1134007543921,39.942901064664
Gateway,0,71,-75.1134127536265,39.94299006517
Gateway,0,72,-75.1134407550145,39.9431960651758
Gateway,0,73,-75.1134787542029,39.9434030651936
Gateway,0,74,-75.1135327540217,39.9436990652147
Gateway,0,75,-75.1135967546568,39.9440500654427
Gateway,0,76,-75.1134387541409,39.9440490650172
Gateway,0,77,-75.1131837549733,39.9440480649399
Gateway,0,78,-75.1128357543962,39.9440500653225
Gateway,0,79,-75.1120437551253,39.9440200653958
Gateway,0,80,-75.1116737540284,39.9440010657958
Gateway,0,81,-75.1110147538171,39.9440070654862
Gateway,0,82,-75.1103157534282,39.9439820660178
Gateway,0,83,-75.1097497535995,39.9440260652378
Gateway,0,84,-75.1095017530961,39.944021066136
Gateway,0,85,-75.1093677538737,39.9440190656941
Gateway,0,86,-75.1086557527367,39.9440040656821
Gateway,0,87,-75.108496752202,39.9440000662081
Gateway,0,88,-75.1077317535182,39.9439960652235
Gateway,0,89,-75.1072767529857,39.9439930658908
Gateway,0,90,-75.1071217530388,39.9439920654569
Gateway,0,91,-75.107053751864,39.9439920657595
Gateway,0,92,-75.1069807527801,39.9439920651675
Gateway,0,93,-75.10690275282,39.9439910657005
Gateway,0,94,-75.1067297523086,39.9439890655091
Gateway,0,95,-75.1058827516262,39.9439800654684
Gateway,0,96,-75.1054617521033,39.9439690649554
Gateway,0,97,-75.1050587519259,39.9439720650881
Gateway,0,98,-75.1045287518327,39.9439810655201
Gateway,0,99,-75.1044737522725,39.9439880652853
Gateway,0,100,-75.1045107522471,39.9438760654355
Gateway,0,101,-75.1045887522243,39.9434500660148
Gateway,0,102,-75.104710752444,39.9429650656858
Gateway,0,103,-75.1049877516339,39.9422200653998
Gateway,0,104,-75.1050337513369,39.9421450655028
Gateway,0,105,-75.1051107521799,39.9420210654754
Gateway,0,106,-75.1051897513818,39.9418970657719
Gateway,0,107,-75.1052597515839,39.9417840647294
Gateway,0,108,-75.1054877516779,39.9415620650826
Gateway,0,109,-75.1056997520167,39.9413400648059
Gateway,0,110,-75.1059877524671,39.9410520654819
Gateway,0,111,-75.1060767519748,39.9407160649215
Gateway,0,112,-75.1061307523425,39.9404620650948
Gateway,0,113,-75.1060417514294,39.9401220653995
Gateway,0,114,-75.1059657512052,39.9397760646847
Gateway,0,115,-75.1059537518969,39.9392860642668
Gateway,0,116,-75.1059667514304,39.9391980644464
Gateway,0,117,-75.1058417525098,39.9388750653259
Gateway,0,118,-75.1056757516837,39.9387160645977
Gateway,0,119,-75.1054177512141,39.9386850639983
Gateway,0,120,-75.1050037519493,39.9387040638884
Gateway,0,121,-75.1045277518507,39.9388840642942
Gateway,0,122,-75.1040737510153,39.939074064008
Gateway,0,123,-75.1037977512167,39.939258064969
Gateway,0,124,-75.1035927508689,39.9394960652592
Gateway,0,125,-75.1033887508874,39.9397560643354
Gateway,0,126,-75.103176751305,39.9399560650944
Gateway,0,127,-75.1030147519038,39.9401710652523
Gateway,0,128,-75.1027457506071,39.9402770653844
Gateway,0,129,-75.1024667509119,39.9402740651154
Gateway,0,130,-75.1012307509432,39.940179064916
Gateway,0,131,-75.1007517511501,39.9400880649546
Gateway,0,132,-75.1000947504127,39.9400160653417
Gateway,0,133,-75.0993667499381,39.9399020650409
Gateway,0,134,-75.098849749489,39.9398210650944
Gateway,0,135,-75.0980917491204,39.9396780647241
Gateway,0,136,-75.0973467491463,39.9394460652223
Gateway,0,137,-75.0971237495209,39.9393110652018
Gateway,0,138,-75.0966267488353,39.9389460653315
Gateway,0,139,-75.0964227491238,39.9386660642845
Gateway,0,140,-75.0964097489315,39.9386510649668
Gateway,0,141,-75.0961927486616,39.9384090647205
Gateway,0,142,-75.0959617485976,39.9382130641784
Gateway,0,143,-75.0957737492571,39.9380600646347
Gateway,0,144,-75.0955007487482,39.9379300651168
Gateway,0,145,-75.0951927484821,39.9377730647706
Gateway,0,146,-75.0949037478182,39.9375550645209
Gateway,0,147,-75.0948297481534,39.9374750647268
Gateway,0,148,-75.0949707482666,39.9373660649408
Gateway,0,149,-75.0950267487603,39.9373220642306
Gateway,0,150,-75.0953817484336,39.9370400647133
Gateway,0,151,-75.0963627490194,39.9378980654685
Gateway,0,152,-75.0969177486248,39.9379090650183
Gateway,0,153,-75.097070749053,39.9379450649382
Gateway,0,154,-75.0972317496002,39.9380160647103
Gateway,0,155,-75.0975487495375,39.9381280650518
Gateway,0,156,-75.0977897492534,39.9381920648049
Gateway,0,157,-75.0979757488356,39.9382420651643
Gateway,0,158,-75.0981247491772,39.9382560646364
Gateway,0,159,-75.0981927501683,39.9382530648132
Gateway,0,160,-75.0987517497242,39.9381030643655
Gateway,0,161,-75.0990267493434,39.9380530649013
Gateway,0,162,-75.0993727491468,39.938004064137
Gateway,0,163,-75.1004187507911,39.9379050644428
Gateway,0,164,-75.1021477509877,39.9377580645129
Gateway,0,165,-75.1043427506011,39.9375960647016
Gateway,0,166,-75.1047457515466,39.9375750646251
Gateway,0,167,-75.1051137512855,39.9372200640486
Gateway,0,168,-75.1056557512014,39.9367190642351
Gateway,0,169,-75.1062467516703,39.9361410641648
Gateway,0,170,-75.1068287523,39.9356170643551
Gateway,0,171,-75.1074047513819,39.9350790635597
Gateway,0,172,-75.1065937519864,39.9345720639004
Gateway,0,173,-75.1064787518025,39.9344950638199
Gateway,0,174,-75.1054917509332,39.9339010638298
Gateway,0,175,-75.1043957516942,39.9332170642344
Gateway,0,176,-75.1035727507402,39.9327030630772
Gateway,0,177,-75.1027577510854,39.9321170637451
Gateway,0,178,-75.1024717502189,39.9319170627792
Gateway,0,179,-75.1017917496223,39.9314440635579
Gateway,0,180,-75.1008777498144,39.9307980637843
Gateway,0,181,-75.1004917493474,39.9305200627849
Waterfront South,0,0,-75.1165197525382,39.9034990577241
Waterfront South,0,1,-75.1165177530376,39.9037510580181
Waterfront South,0,2,-75.1164957524053,39.9038100574756
Waterfront South,0,3,-75.1163687531315,39.9039930572594
Waterfront South,0,4,-75.1165727533694,39.9039670580835
Waterfront South,0,5,-75.1166227534298,39.903809057977
Waterfront South,0,6,-75.1166227530778,39.9037800567316
Waterfront South,0,7,-75.1166297526288,39.9037620574378
Waterfront South,0,8,-75.1166087521793,39.9037400574319
Waterfront South,0,9,-75.1166247539165,39.9036670575994
Waterfront South,0,10,-75.1166527535459,39.903621056872
Waterfront South,0,11,-75.1166937525371,39.903670057563
Waterfront South,0,12,-75.1166787535185,39.9037570573025
Waterfront South,0,13,-75.1166927525277,39.9037780569047
Waterfront South,0,14,-75.1167337535815,39.9039510573089
Waterfront South,0,15,-75.116726752866,39.9040320571786
Waterfront South,0,16,-75.1166207535329,39.9040540569972
Waterfront South,0,17,-75.1165717524273,39.9040590571093
Waterfront South,0,18,-75.1164947524348,39.9040420574531
Waterfront South,0,19,-75.116445753271,39.9040480572962
Waterfront South,0,20,-75.116198752506,39.9042140578205
Waterfront South,0,21,-75.115805753285,39.9052130575565
Waterfront South,0,22,-75.115711752301,39.9055100569555
Waterfront South,0,23,-75.1156107536664,39.90587205752
Waterfront South,0,24,-75.1155957529538,39.9061200572903
Waterfront South,0,25,-75.1156237526173,39.9062280584545
Waterfront South,0,26,-75.1157827536188,39.9064240583889
Waterfront South,0,27,-75.1161177530382,39.9066580583565
Waterfront South,0,28,-75.1161497532338,39.9066700578972
Waterfront South,0,29,-75.1162727538085,39.90673105825
Waterfront South,0,30,-75.1162257536212,39.9070500576654
Waterfront South,0,31,-75.1165507523922,39.9074530584506
Waterfront South,0,32,-75.1171787536607,39.9081970582362
Waterfront South,0,33,-75.1178027534509,39.908565057926
Waterfront South,0,34,-75.1179127538757,39.9086300573892
Waterfront South,0,35,-75.1200437541485,39.9085000583023
Waterfront South,0,36,-75.120361754814,39.9084800576847
Waterfront South,0,37,-75.1220307550622,39.907466057702
Waterfront South,0,38,-75.1237607559232,39.9073720580177
Waterfront South,0,39,-75.1250917555524,39.9073010581095
Waterfront South,0,40,-75.1266147560428,39.9073190581627
Waterfront South,0,41,-75.127052756319,39.9073630575384
Waterfront South,0,42,-75.1278477569968,39.9074430574134
Waterfront South,0,43,-75.1288887575806,39.9074540580712
Waterfront South,0,44,-75.1286747569241,39.9086400583003
Waterfront South,0,45,-75.1285387579061,39.9091030576045
Waterfront South,0,46,-75.1284637577722,39.9102960578731
Waterfront South,0,47,-75.1283827575787,39.9107250585556
Waterfront South,0,48,-75.1282547569958,39.9131720594238
Waterfront South,0,49,-75.1286027569253,39.9139970585467
Waterfront South,0,50,-75.128822757012,39.9146740590705
Waterfront South,0,51,-75.128871758117,39.9147890594687
Waterfront South,0,52,-75.1293437569489,39.9159080591905
Waterfront South,0,53,-75.1295337580515,39.9161890592248
Waterfront South,0,54,-75.1301217587978,39.9170570588342
Waterfront South,0,55,-75.1303517585828,39.9174120597645
Waterfront South,0,56,-75.1311887591734,39.9192000590346
Waterfront South,0,57,-75.1316327583258,39.9201510602847
Waterfront South,0,58,-75.132345759265,39.9216740604551
Waterfront South,0,59,-75.1323777593847,39.9217410601779
Waterfront South,0,60,-75.1324347598293,39.9218590605871
Waterfront South,0,61,-75.1327567586701,39.9225390603249
Waterfront South,0,62,-75.1343027595387,39.9257890609741
Waterfront South,0,63,-75.1344857606821,39.9261760611458
Waterfront South,0,64,-75.1347797604645,39.927017061475
Waterfront South,0,65,-75.1348977611562,39.9273590614107
Waterfront South,0,66,-75.1312157589259,39.9276320611284
Waterfront South,0,67,-75.1306467593818,39.9276750616014
Waterfront South,0,68,-75.1287497587006,39.9279960609713
Waterfront South,0,69,-75.1284757579438,39.9280420614595
Waterfront South,0,70,-75.1268107577952,39.9281830620506
Waterfront South,0,71,-75.1249857575635,39.9283320619594
Waterfront South,0,72,-75.1248427564955,39.9283440618631
Waterfront South,0,73,-75.1247117566723,39.9283510619294
Waterfront South,0,74,-75.1245557572642,39.928360061887
Waterfront South,0,75,-75.1241627573072,39.9283860614239
Waterfront South,0,76,-75.1239727573422,39.9283990617414
Waterfront South,0,77,-75.1238387570559,39.9284080612369
Waterfront South,0,78,-75.1237717564604,39.9284120614843
Waterfront South,0,79,-75.1235397564969,39.9284270614399
Waterfront South,0,80,-75.1230457560451,39.9284640611782
Waterfront South,0,81,-75.1217367557925,39.9285540622661
Waterfront South,0,82,-75.11955175572,39.9286810619921
Waterfront South,0,83,-75.1177407550121,39.9288010620295
Waterfront South,0,84,-75.1166887544501,39.9288840621068
Waterfront South,0,85,-75.1163997546841,39.9288980620155
Waterfront South,0,86,-75.1162877542554,39.928904062557
Waterfront South,0,87,-75.1160627545884,39.9289150616267
Waterfront South,0,88,-75.1158057550997,39.9289280622677
Waterfront South,0,89,-75.1156297545568,39.9289450628961
Waterfront South,0,90,-75.1154037538207,39.9289660630046
Waterfront South,0,91,-75.1152437539617,39.9289810623055
Waterfront South,0,92,-75.1151017543611,39.9289940617896
Waterfront South,0,93,-75.1150537536481,39.9289980624876
Waterfront South,0,94,-75.1148877549506,39.9290140622852
Waterfront South,0,95,-75.1140207539026,39.9290830623522
Waterfront South,0,96,-75.1137947534952,39.9291010626553
Waterfront South,0,97,-75.1131747541624,39.9291460623261
Waterfront South,0,98,-75.1131397528785,39.9291490621484
Waterfront South,0,99,-75.1139537545431,39.9283860615668
Waterfront South,0,100,-75.115384753426,39.9270470616039
Waterfront South,0,101,-75.115466753988,39.9269700622169
Waterfront South,0,102,-75.1158057544949,39.9265840616309
Waterfront South,0,103,-75.1159277538927,39.9264130618993
Waterfront South,0,104,-75.1161997534833,39.926032061907
Waterfront South,0,105,-75.1162977537742,39.9258950615043
Waterfront South,0,106,-75.1163927549312,39.9257020616545
Waterfront South,0,107,-75.116475753776,39.9255330619698
Waterfront South,0,108,-75.1165547545898,39.9252530616602
Waterfront South,0,109,-75.1166337543301,39.9247900617206
Waterfront South,0,110,-75.1166407547046,39.9247480611937
Waterfront South,0,111,-75.1166627549429,39.9243740610929
Waterfront South,0,112,-75.1167327544241,39.9234600607741
Waterfront South,0,113,-75.1168867543147,39.9214650604601
Waterfront South,0,114,-75.1169437541471,39.9207190613035
Waterfront South,0,115,-75.1169897539414,39.9201210600135
Waterfront South,0,116,-75.1170547543715,39.9195060610517
Waterfront South,0,117,-75.1170627535799,39.9194410599354
Waterfront South,0,118,-75.1171677540456,39.9186050605763
Waterfront South,0,119,-75.1172017546316,39.9182660599965
Waterfront South,0,120,-75.1172107542207,39.9181720595624
Waterfront South,0,121,-75.1172567543546,39.91732006026
Waterfront South,0,122,-75.1172927542319,39.9167250597816
Waterfront South,0,123,-75.1173757538993,39.915336060252
Waterfront South,0,124,-75.1174677536362,39.9141360588145
Waterfront South,0,125,-75.117473753934,39.9140590590344
Waterfront South,0,126,-75.1175857535852,39.9126520584545
Waterfront South,0,127,-75.1174357535577,39.9126500587315
Waterfront South,0,128,-75.1172057538147,39.912647058824
Waterfront South,0,129,-75.1169597535212,39.912643059133
Waterfront South,0,130,-75.1162427532535,39.9126330593016
Waterfront South,0,131,-75.1160757542215,39.9126320587791
Waterfront South,0,132,-75.1159747532811,39.9126310587276
Waterfront South,0,133,-75.1158147527399,39.9126290586895
Waterfront South,0,134,-75.1157807535594,39.9123980591629
Waterfront South,0,135,-75.1157387528481,39.9121500587847
Waterfront South,0,136,-75.1156807528766,39.9118150586406
Waterfront South,0,137,-75.1155647538408,39.9112740585564
Waterfront South,0,138,-75.1153077533538,39.9105930590836
Waterfront South,0,139,-75.115091753245,39.9101070588181
Waterfront South,0,140,-75.1146577529726,39.9091740585922
Waterfront South,0,141,-75.1144877528891,39.9087460579693
Waterfront South,0,142,-75.1138417522343,39.9068850582552
Waterfront South,0,143,-75.1138327523979,39.9068580574116
Waterfront South,0,144,-75.1141567519747,39.9067830578925
Waterfront South,0,145,-75.1141447532102,39.9067370579526
Waterfront South,0,146,-75.1146687533021,39.9066540584996
Waterfront South,0,147,-75.1147377522806,39.9065010584075
Waterfront South,0,148,-75.1149197524835,39.9062260579755
Waterfront South,0,149,-75.1150777533704,39.905965057366
Waterfront South,0,150,-75.1157977523895,39.90472905726
Waterfront South,0,151,-75.1165197525382,39.9034990577241
Cooper's Poynt,0,0,-75.1209127579584,39.9503060656544
Cooper's Poynt,0,1,-75.1209727581266,39.9501670666987
Cooper's Poynt,0,2,-75.1216377578634,39.9504860663091
Cooper's Poynt,0,3,-75.1221337581759,39.9506850661315
Cooper's Poynt,0,4,-75.1223047578526,39.9507470664319
Cooper's Poynt,0,5,-75.1224867576229,39.9508010667692
Cooper's Poynt,0,6,-75.122894758227,39.9509050670141
Cooper's Poynt,0,7,-75.1234937580778,39.9510320660435
Cooper's Poynt,0,8,-75.1236777582308,39.9510700661736
Cooper's Poynt,0,9,-75.1238407581125,39.951105066171
Cooper's Poynt,0,10,-75.1240177592718,39.9511420667074
Cooper's Poynt,0,11,-75.1247287580407,39.951260066332
Cooper's Poynt,0,12,-75.1249337592892,39.9512950663221
Cooper's Poynt,0,13,-75.1250657584645,39.95131706695
Cooper's Poynt,0,14,-75.1252327589836,39.9513460663154
Cooper's Poynt,0,15,-75.1253947591296,39.9513740665081
Cooper's Poynt,0,16,-75.1258307594502,39.9514490664662
Cooper's Poynt,0,17,-75.1266367590593,39.9515890663892
Cooper's Poynt,0,18,-75.1267287590847,39.9516050664344
Cooper's Poynt,0,19,-75.1268467593007,39.9516250663785
Cooper's Poynt,0,20,-75.1271847587401,39.9516840667037
Cooper's Poynt,0,21,-75.1298667602081,39.9521420661828
Cooper's Poynt,0,22,-75.1311457603389,39.9523480662469
Cooper's Poynt,0,23,-75.1313887612132,39.9523870668303
Cooper's Poynt,0,24,-75.1316537606991,39.9524290670956
Cooper's Poynt,0,25,-75.1341107616244,39.9528640657526
Cooper's Poynt,0,26,-75.1343717620174,39.9529060663548
Cooper's Poynt,0,27,-75.1343087621086,39.9530670667043
Cooper's Poynt,0,28,-75.1342717623815,39.9531630666094
Cooper's Poynt,0,29,-75.1341717623868,39.9534170665131
Cooper's Poynt,0,30,-75.1338567619386,39.954225066639
Cooper's Poynt,0,31,-75.1337617613706,39.9544680663963
Cooper's Poynt,0,32,-75.1336997617881,39.9546280665289
Cooper's Poynt,0,33,-75.1324647608568,39.9563630674311
Cooper's Poynt,0,34,-75.1317787614792,39.9573270672566
Cooper's Poynt,0,35,-75.1305927609157,39.9586160675776
Cooper's Poynt,0,36,-75.1304057605219,39.9587450678948
Cooper's Poynt,0,37,-75.1296867605742,39.9592420676192
Cooper's Poynt,0,38,-75.1257027591667,39.9618310683876
Cooper's Poynt,0,39,-75.125422758996,39.9619680681619
Cooper's Poynt,0,40,-75.1239117591465,39.9627090685125
Cooper's Poynt,0,41,-75.1238227590396,39.9627520689448
Cooper's Poynt,0,42,-75.122797758804,39.9615370679295
Cooper's Poynt,0,43,-75.1202027994067,39.9608183670067
Cooper's Poynt,0,44,-75.117727033034,39.960132608697
Cooper's Poynt,0,45,-75.1175368025182,39.9600799139634
Cooper's Poynt,0,46,-75.1173207565284,39.9600200678703
Cooper's Poynt,0,47,-75.1182457570492,39.958469068126
Cooper's Poynt,0,48,-75.1188987575697,39.9570320673529
Cooper's Poynt,0,49,-75.1190087567128,39.9569210677125
Cooper's Poynt,0,50,-75.119244756777,39.9561070673179
Cooper's Poynt,0,51,-75.1192247571118,39.956076068209
Cooper's Poynt,0,52,-75.1192107572694,39.9559930680177
Cooper's Poynt,0,53,-75.1193047567029,39.9556550671132
Cooper's Poynt,0,54,-75.1194527569643,39.9551280675853
Cooper's Poynt,0,55,-75.119616757191,39.9546020667622
Cooper's Poynt,0,56,-75.1197717574753,39.9541030674666
Cooper's Poynt,0,57,-75.119948757434,39.9535960672847
Cooper's Poynt,0,58,-75.1201317569961,39.9530730669483
Cooper's Poynt,0,59,-75.1202797568448,39.9526220670163
Cooper's Poynt,0,60,-75.1204037569129,39.9522430664158
Cooper's Poynt,0,61,-75.1205837578604,39.9517390664377
Cooper's Poynt,0,62,-75.1206587572459,39.9513880669241
Cooper's Poynt,0,63,-75.1206797572277,39.9512080668221
Cooper's Poynt,0,64,-75.1207047565736,39.951059066596
Cooper's Poynt,0,65,-75.1208047576379,39.9507100668642
Cooper's Poynt,0,66,-75.1208877570317,39.9504220657939
Cooper's Poynt,0,67,-75.1208847568886,39.9503730662064
Cooper's Poynt,0,68,-75.1208817569351,39.9503380663295
Cooper's Poynt,0,69,-75.1209127579584,39.9503060656544
Waterfront,0,0,-75.1353537604057,39.928668061655
Waterfront,0,1,-75.1355287603257,39.9291680611079
Waterfront,0,2,-75.1355407611787,39.9292450610873
Waterfront,0,3,-75.1360027615472,39.9320580622978
Waterfront,0,4,-75.1360727602371,39.9324950625733
Waterfront,0,5,-75.1361527606345,39.9329820621905
Waterfront,0,6,-75.1360907608204,39.9336540622871
Waterfront,0,7,-75.1360727611596,39.9338370629315
Waterfront,0,8,-75.1360647619245,39.9343690628541
Waterfront,0,9,-75.1360637617914,39.9345030625358
Waterfront,0,10,-75.1361877606762,39.9359040631638
Waterfront,0,11,-75.1361787614923,39.9365560628009
Waterfront,0,12,-75.1361967617347,39.9368010634701
Waterfront,0,13,-75.1362317606296,39.9377050636045
Waterfront,0,14,-75.1362057616766,39.9386710636206
Waterfront,0,15,-75.1362227623092,39.9397720636686
Waterfront,0,16,-75.1362497610571,39.9402150637399
Waterfront,0,17,-75.1362667608208,39.9404860642101
Waterfront,0,18,-75.1362587615891,39.942645064356
Waterfront,0,19,-75.1362587613056,39.9429330643198
Waterfront,0,20,-75.1362697609722,39.9432900639711
Waterfront,0,21,-75.1360047624324,39.9456490651175
Waterfront,0,22,-75.1359567613439,39.9460700656971
Waterfront,0,23,-75.135817761936,39.9469760645896
Waterfront,0,24,-75.1356077616832,39.9483200652484
Waterfront,0,25,-75.1354717614503,39.9491910661506
Waterfront,0,26,-75.1354377616845,39.9494120656354
Waterfront,0,27,-75.1352407619216,39.950685065793
Waterfront,0,28,-75.1346377615781,39.952225066124
Waterfront,0,29,-75.134433761671,39.9527490660801
Waterfront,0,30,-75.1344317619925,39.9527550667298
Waterfront,0,31,-75.1343877622003,39.9528650659539
Waterfront,0,32,-75.1343717620174,39.9529060663548
Waterfront,0,33,-75.1341107616244,39.9528640657526
Waterfront,0,34,-75.1316537606991,39.9524290670956
Waterfront,0,35,-75.1313887612132,39.9523870668303
Waterfront,0,36,-75.1311457603389,39.9523480662469
Waterfront,0,37,-75.1298667602081,39.9521420661828
Waterfront,0,38,-75.1271847587401,39.9516840667037
Waterfront,0,39,-75.1268467593007,39.9516250663785
Waterfront,0,40,-75.1267287590847,39.9516050664344
Waterfront,0,41,-75.1266367590593,39.9515890663892
Waterfront,0,42,-75.1258307594502,39.9514490664662
Waterfront,0,43,-75.1253947591296,39.9513740665081
Waterfront,0,44,-75.1252327589836,39.9513460663154
Waterfront,0,45,-75.1250657584645,39.95131706695
Waterfront,0,46,-75.1249337592892,39.9512950663221
Waterfront,0,47,-75.1247287580407,39.951260066332
Waterfront,0,48,-75.1240177592718,39.9511420667074
Waterfront,0,49,-75.1238407581125,39.951105066171
Waterfront,0,50,-75.1236777582308,39.9510700661736
Waterfront,0,51,-75.1234937580778,39.9510320660435
Waterfront,0,52,-75.122894758227,39.9509050670141
Waterfront,0,53,-75.1224867576229,39.9508010667692
Waterfront,0,54,-75.1223047578526,39.9507470664319
Waterfront,0,55,-75.1221337581759,39.9506850661315
Waterfront,0,56,-75.1216377578634,39.9504860663091
Waterfront,0,57,-75.1209727581266,39.9501670666987
Waterfront,0,58,-75.1205487567501,39.9499180663782
Waterfront,0,59,-75.1199677567653,39.9494770660611
Waterfront,0,60,-75.1195317569002,39.9491470659551
Waterfront,0,61,-75.1193407568856,39.9489820660527
Waterfront,0,62,-75.1192197568087,39.9488980664984
Waterfront,0,63,-75.1190477561608,39.948781066074
Waterfront,0,64,-75.1186227566183,39.948513066193
Waterfront,0,65,-75.1185637565584,39.9484890663711
Waterfront,0,66,-75.118499756329,39.948464066387
Waterfront,0,67,-75.1183187563408,39.9483110665085
Waterfront,0,68,-75.1180117555615,39.9480590665443
Waterfront,0,69,-75.1179507566661,39.9480110659635
Waterfront,0,70,-75.1173767556348,39.9477410660821
Waterfront,0,71,-75.116912755678,39.9475210654638
Waterfront,0,72,-75.1164917553587,39.9473210651512
Waterfront,0,73,-75.1164127554912,39.9472840652584
Waterfront,0,74,-75.1163187550528,39.9472390665977
Waterfront,0,75,-75.1163277556546,39.9471600661901
Waterfront,0,76,-75.1163387550015,39.947075065439
Waterfront,0,77,-75.1163867563589,39.9468750653737
Waterfront,0,78,-75.1164337554065,39.9466970650295
Waterfront,0,79,-75.1165547558173,39.9462410662407
Waterfront,0,80,-75.1165897555297,39.9461090658031
Waterfront,0,81,-75.1166827561806,39.9461240660475
Waterfront,0,82,-75.1167707553011,39.9461390658042
Waterfront,0,83,-75.1173477567567,39.9462350655204
Waterfront,0,84,-75.1184717564867,39.9464260652766
Waterfront,0,85,-75.1190967568413,39.9465580663543
Waterfront,0,86,-75.1205877564296,39.946868065699
Waterfront,0,87,-75.1207537569587,39.9469030657357
Waterfront,0,88,-75.1220267578336,39.9471470657169
Waterfront,0,89,-75.1220737572319,39.9471550658326
Waterfront,0,90,-75.1234197579659,39.947384065473
Waterfront,0,91,-75.1237777578041,39.9461950648455
Waterfront,0,92,-75.1239457575124,39.9456500649655
Waterfront,0,93,-75.124068758592,39.9452500654106
Waterfront,0,94,-75.124196757364,39.9448330649276
Waterfront,0,95,-75.124228758217,39.9447290651717
Waterfront,0,96,-75.124361758527,39.9442960652657
Waterfront,0,97,-75.124423758678,39.9438870651056
Waterfront,0,98,-75.1244587576992,39.9436540648334
Waterfront,0,99,-75.1244977583424,39.9434000654636
Waterfront,0,100,-75.1245167575362,39.9432780647049
Waterfront,0,101,-75.1245287576894,39.9432000652738
Waterfront,0,102,-75.1245507574527,39.9430550649374
Waterfront,0,103,-75.1245817587462,39.9428510646608
Waterfront,0,104,-75.1245967579566,39.9427510645418
Waterfront,0,105,-75.1246127576463,39.9426640643745
Waterfront,0,106,-75.1246577585564,39.9423810648621
Waterfront,0,107,-75.1246907576233,39.9421780643666
Waterfront,0,108,-75.1247277584041,39.9419620639662
Waterfront,0,109,-75.1248587572722,39.9411990639411
Waterfront,0,110,-75.1248967571059,39.9408650641805
Waterfront,0,111,-75.1249437579727,39.94044406404
Waterfront,0,112,-75.1250337570324,39.9397150639534
Waterfront,0,113,-75.1250817574966,39.9393450636988
Waterfront,0,114,-75.1251297572265,39.9389670641996
Waterfront,0,115,-75.1251997585287,39.9385460632045
Waterfront,0,116,-75.1252577580505,39.9381990634663
Waterfront,0,117,-75.1253407583694,39.937571063043
Waterfront,0,118,-75.1254437580451,39.9367900635182
Waterfront,0,119,-75.1250017581804,39.9367930631418
Waterfront,0,120,-75.1245547573855,39.9368090627541
Waterfront,0,121,-75.1244697572353,39.9361460626383
Waterfront,0,122,-75.1243837573338,39.9354870633177
Waterfront,0,123,-75.124288757494,39.9347490632347
Waterfront,0,124,-75.124244757598,39.9344110625128
Waterfront,0,125,-75.1242017568788,39.9340790623147
Waterfront,0,126,-75.1241067571033,39.9334020625489
Waterfront,0,127,-75.1240047576009,39.9327180621385
Waterfront,0,128,-75.1239267570036,39.9320330623241
Waterfront,0,129,-75.1238357570032,39.9312990624641
Waterfront,0,130,-75.1237687562951,39.9305440629402
Waterfront,0,131,-75.1236987574713,39.929797062411
Waterfront,0,132,-75.1236177564994,39.9291010624676
Waterfront,0,133,-75.1235397564969,39.9284270614399
Waterfront,0,134,-75.1237717564604,39.9284120614843
Waterfront,0,135,-75.1238387570559,39.9284080612369
Waterfront,0,136,-75.1239727573422,39.9283990617414
Waterfront,0,137,-75.1241627573072,39.9283860614239
Waterfront,0,138,-75.1245557572642,39.928360061887
Waterfront,0,139,-75.1247117566723,39.9283510619294
Waterfront,0,140,-75.1248427564955,39.9283440618631
Waterfront,0,141,-75.1249857575635,39.9283320619594
Waterfront,0,142,-75.1268107577952,39.9281830620506
Waterfront,0,143,-75.1284757579438,39.9280420614595
Waterfront,0,144,-75.1287497587006,39.9279960609713
Waterfront,0,145,-75.1306467593818,39.9276750616014
Waterfront,0,146,-75.1312157589259,39.9276320611284
Waterfront,0,147,-75.1348977611562,39.9273590614107
Waterfront,0,148,-75.1353537604057,39.928668061655
Lanning Square,0,0,-75.1246907576233,39.9421780643666
Lanning Square,0,1,-75.1246577585564,39.9423810648621
Lanning Square,0,2,-75.1246127576463,39.9426640643745
Lanning Square,0,3,-75.1245967579566,39.9427510645418
Lanning Square,0,4,-75.1245817587462,39.9428510646608
Lanning Square,0,5,-75.1245507574527,39.9430550649374
Lanning Square,0,6,-75.1245287576894,39.9432000652738
Lanning Square,0,7,-75.1245167575362,39.9432780647049
Lanning Square,0,8,-75.1244977583424,39.9434000654636
Lanning Square,0,9,-75.1244587576992,39.9436540648334
Lanning Square,0,10,-75.124423758678,39.9438870651056
Lanning Square,0,11,-75.124361758527,39.9442960652657
Lanning Square,0,12,-75.124228758217,39.9447290651717
Lanning Square,0,13,-75.124196757364,39.9448330649276
Lanning Square,0,14,-75.124068758592,39.9452500654106
Lanning Square,0,15,-75.1239457575124,39.9456500649655
Lanning Square,0,16,-75.1237777578041,39.9461950648455
Lanning Square,0,17,-75.1234197579659,39.947384065473
Lanning Square,0,18,-75.1220737572319,39.9471550658326
Lanning Square,0,19,-75.1220267578336,39.9471470657169
Lanning Square,0,20,-75.1207537569587,39.9469030657357
Lanning Square,0,21,-75.1205877564296,39.946868065699
Lanning Square,0,22,-75.1190967568413,39.9465580663543
Lanning Square,0,23,-75.1184717564867,39.9464260652766
Lanning Square,0,24,-75.1173477567567,39.9462350655204
Lanning Square,0,25,-75.1167707553011,39.9461390658042
Lanning Square,0,26,-75.1166827561806,39.9461240660475
Lanning Square,0,27,-75.1165897555297,39.9461090658031
Lanning Square,0,28,-75.1164057558304,39.9460780654691
Lanning Square,0,29,-75.1162337562294,39.9460490663845
Lanning Square,0,30,-75.1161097560234,39.9460290658576
Lanning Square,0,31,-75.1160267548305,39.9460150649492
Lanning Square,0,32,-75.1156277557663,39.9459480657507
Lanning Square,0,33,-75.1147067554957,39.9458190649995
Lanning Square,0,34,-75.1145577559512,39.9457950656061
Lanning Square,0,35,-75.1141287554536,39.9457270655612
Lanning Square,0,36,-75.113871754768,39.9456930657132
Lanning Square,0,37,-75.1138537549334,39.9456200657483
Lanning Square,0,38,-75.1138437548841,39.9455550658577
Lanning Square,0,39,-75.1137947553206,39.9451340661652
Lanning Square,0,40,-75.1137297548339,39.9447820662173
Lanning Square,0,41,-75.1136867545685,39.9445430653744
Lanning Square,0,42,-75.1136677546649,39.9444400653193
Lanning Square,0,43,-75.1136577546417,39.9443840652893
Lanning Square,0,44,-75.1136307542745,39.9442370655721
Lanning Square,0,45,-75.1135967546568,39.9440500654427
Lanning Square,0,46,-75.1135327540217,39.9436990652147
Lanning Square,0,47,-75.1134787542029,39.9434030651936
Lanning Square,0,48,-75.1134407550145,39.9431960651758
Lanning Square,0,49,-75.1134127536265,39.94299006517
Lanning Square,0,50,-75.1134007543921,39.942901064664
Lanning Square,0,51,-75.1133767538773,39.942728065297
Lanning Square,0,52,-75.1133687543066,39.9426690651847
Lanning Square,0,53,-75.1133617540023,39.9426210646583
Lanning Square,0,54,-75.1133007549006,39.9422300658153
Lanning Square,0,55,-75.113271754998,39.9420700648774
Lanning Square,0,56,-75.1132587539872,39.9420010645026
Lanning Square,0,57,-75.1130787537294,39.9412560646185
Lanning Square,0,58,-75.1127307533769,39.9401550648153
Lanning Square,0,59,-75.1126837542384,39.939993064641
Lanning Square,0,60,-75.1126077539752,39.9397330645738
Lanning Square,0,61,-75.112518753407,39.9394250640128
Lanning Square,0,62,-75.1124407543154,39.9391580641384
Lanning Square,0,63,-75.1122287540793,39.9384270646811
Lanning Square,0,64,-75.1121737544336,39.9382430643035
Lanning Square,0,65,-75.1119627540667,39.9376370640923
Lanning Square,0,66,-75.1118857541078,39.9374080639703
Lanning Square,0,67,-75.1118157529633,39.937202063434
Lanning Square,0,68,-75.111757753116,39.9370050633762
Lanning Square,0,69,-75.1118737535464,39.9369940642468
Lanning Square,0,70,-75.1119667528541,39.9369850634914
Lanning Square,0,71,-75.1123297534384,39.9369510635836
Lanning Square,0,72,-75.1126567534028,39.9369210645893
Lanning Square,0,73,-75.1135457532121,39.9368750641068
Lanning Square,0,74,-75.1142847549648,39.9368360638394
Lanning Square,0,75,-75.1150807545972,39.9367830638903
Lanning Square,0,76,-75.1158457558429,39.9367320632893
Lanning Square,0,77,-75.1160407551755,39.9367200638894
Lanning Square,0,78,-75.117578755858,39.9366240641568
Lanning Square,0,79,-75.1186677561642,39.936552064157
Lanning Square,0,80,-75.1194337558618,39.9364980631172
Lanning Square,0,81,-75.1209617560001,39.9363750641427
Lanning Square,0,82,-75.1218487573702,39.9363100633684
Lanning Square,0,83,-75.1226677570899,39.9362550640456
Lanning Square,0,84,-75.1234617571536,39.9362080628841
Lanning Square,0,85,-75.1244697572353,39.9361460626383
Lanning Square,0,86,-75.1245547573855,39.9368090627541
Lanning Square,0,87,-75.1250017581804,39.9367930631418
Lanning Square,0,88,-75.1254437580451,39.9367900635182
Lanning Square,0,89,-75.1253407583694,39.937571063043
Lanning Square,0,90,-75.1252577580505,39.9381990634663
Lanning Square,0,91,-75.1251997585287,39.9385460632045
Lanning Square,0,92,-75.1251297572265,39.9389670641996
Lanning Square,0,93,-75.1250817574966,39.9393450636988
Lanning Square,0,94,-75.1250337570324,39.9397150639534
Lanning Square,0,95,-75.1249437579727,39.94044406404
Lanning Square,0,96,-75.1248967571059,39.9408650641805
Lanning Square,0,97,-75.1248587572722,39.9411990639411
Lanning Square,0,98,-75.1247277584041,39.9419620639662
Lanning Square,0,99,-75.1246907576233,39.9421780643666
